Allowed,D.z
NA,1.4834456468393882
1,0.9757215174997641
NA,NA
1,0.5675846827778009
NA,NA
1,1.08101594249519
1,-1.6805321379833351
1,-0.5072442852535316
1,0.48679858049615987
NA,0.17359774164359715
1,0.7583600280571723
1,0.28758096743123823
0,1.4963490901224086
1,-0.568996960064592
NA,NA
1,-1.5184918905533358
0,0.1907599641988168
NA,0.013870803082355544
1,0.7782462358081992
NA,0.5072954607365048
1,0.7929898859947612
0,1.37284657702256
1,1.2236152059425414
1,-0.4147409796711034
NA,NA
1,NA
1,-1.012055484432154
1,0.3449406715449468
1,0.0936772306457682
0,0.9613338382704387
1,1.6364303784632341
1,-0.09941771316744985
1,-0.3061043205970932
NA,NA
1,NA
1,-0.09728940921896431
1,-2.103565673256089
NA,NA
NA,NA
NA,NA
NA,0.6756869039434515
1,0.8338700715815222
NA,0.8280265543855341
NA,NA
1,-2.338643609935124
1,-0.8099197588520153
NA,NA
NA,NA
1,NA
NA,-1.2390411201060767
0,NA
NA,0.7245501180074774
1,0.11448255141075228
1,NA
1,1.6589163182732867
NA,NA
1,-0.5055036935207436
1,-2.028955392421003
1,0.9426946549580159
1,NA
1,-0.3881194565789481
1,0.5104114985007355
0,1.411922517102834
1,-0.45010065330621407
1,0.12410499072820919
1,-1.0042992767875016
1,0.6886912305542535
NA,NA
1,2.1320725673675365
NA,NA
NA,NA
1,0.9993834872424819
NA,0.6231233542630338
1,-1.0240182091338939
NA,-0.5551825926334
NA,NA
1,1.0974497560608856
1,-0.7327673059563804
1,1.0935765871257446
1,-0.3677413405467626
1,-1.8284524720510391
1,-0.2834816697750332
1,-0.9467975015092372
NA,NA
1,0.8499400253186137
NA,NA
1,1.1395144340769248
1,1.5330354995725768
1,0.3510990658211678
NA,0.8514423027675081
0,-0.07423577904603805
0,1.4525542305422257
1,0.8782064356949297
1,0.04394601539323377
1,-1.1645733164436876
1,0.43248574038059906
NA,NA
1,-0.46556602081528453
0,1.791204545840577
1,-0.3464571702692876
1,-0.3685250236623253
1,-2.0163520661689245
1,0.531857269028654
NA,NA
NA,NA
1,-1.001959096809856
0,0.6157923812420372
1,0.12769838766568956
1,NA
1,-0.07105463466543256
NA,NA
NA,0.5392890639717574
1,-0.3503770268607475
1,-0.25106384946223526
1,0.040238525885126435
1,-0.40522944058017485
1,0.18306885376507975
NA,1.2174895798393341
1,NA
1,-1.7877215167156573
NA,0.29541363837349904
1,-0.7273945895329876
1,-0.36020483066305575
1,1.499225791557618
NA,NA
NA,NA
NA,NA
1,1.4839499228287385
NA,NA
1,-0.9299127229075617
0,1.3895430223050744
NA,NA
1,NA
NA,NA
NA,NA
NA,NA
1,NA
1,-0.8089449838952214
1,0.08602260740447329
NA,-2.1707925115496733
1,0.2363378417220772
NA,0.8562699828329994
1,-1.6359083706817055
1,-2.749666870031758
1,-0.6087765484670644
NA,NA
1,0.42753366711723817
1,-1.0455634703589718
1,-0.2410195006284499
NA,-0.8184944834719754
1,0.5621616069156837
1,0.16415234698812373
NA,NA
NA,NA
NA,NA
NA,-0.4080932289655923
NA,NA
1,0.790845518304619
NA,NA
1,-0.4478317385375729
1,-0.26416147258287476
0,2.25150026546907
1,1.423993601660035
NA,NA
NA,0.8601888948325964
NA,NA
1,NA
NA,NA
1,-1.0950242776715176
1,NA
1,-1.2996357109535015
NA,0.4997040778838139
1,-2.260996393524697
1,-0.18569714227726958
1,0.3873180705316463
1,-0.8346627897365319
1,1.3601558839298773
NA,NA
1,1.0997979716805932
1,-0.08922544689528991
1,0.6268823324085039
1,-1.2043003961004353
1,-1.2174315051191007
1,-0.7537214325188049
1,-1.4880531088202633
NA,NA
1,0.11869636798145525
NA,NA
1,-1.801305452715008
NA,1.156373175729092
NA,NA
1,-0.16278426201940424
1,-1.5509953084517993
1,-0.2357991052554997
NA,NA
NA,NA
1,0.6453695302222205
NA,0.16769302056877983
1,-1.764433114587264
1,0.3259352642689609
NA,NA
1,-0.6986126141171503
1,-1.0855237612376378
1,0.2419192409960377
1,-0.8418877683424866
1,-1.1743199246128966
1,NA
NA,NA
1,-0.05150000533816543
1,NA
1,-0.07686466021799439
NA,NA
1,NA
NA,0.9407019219363375
NA,NA
NA,NA
1,-1.3992688295405566
1,-0.8466042111016076
1,0.9985773946923852
NA,2.5874442276117353
1,0.10973169941416705
NA,NA
1,-0.42238744033991643
1,-0.48907124350100134
1,-0.712086705436648
1,0.9468011542879198
1,NA
NA,NA
NA,NA
NA,0.8089238250218617
0,1.6880602360988344
1,-0.9721317707092251
0,1.809709778773887
NA,NA
1,0.45694327204672314
1,1.2835194022200074
NA,NA
NA,NA
NA,NA
1,-0.8877784686473376
1,-1.7411124478938558
1,-2.0427708283382358
NA,0.1266570433998677
NA,NA
NA,NA
1,NA
NA,NA
1,2.591162278720377
NA,NA
1,NA
NA,NA
1,1.5329519189909262
NA,NA
1,-1.213722768132271
1,-0.409103735339192
1,-0.5071984997124624
1,NA
1,-1.1100180707442289
1,NA
NA,NA
1,-0.7653668351817247
NA,NA
1,-0.4630252658012344
NA,NA
1,0.8609513133404773
NA,NA
1,-0.24269351722461294
1,1.039139389358295
1,-0.44833436237687163
NA,1.4955067847734478
1,-0.10775667530159623
NA,-0.44288498816327776
1,-0.9058860436014278
1,0.6668216274637236
NA,NA
1,1.8774554711056675
1,-0.8764974094644561
NA,NA
1,0.6945453281382902
1,-0.28609842300430555
1,-0.8982913045701667
1,0.7550981912081103
NA,NA
1,NA
1,-0.22934505983567086
1,0.2599858754540911
1,0.8637233999265979
1,-0.8103557219582765
NA,NA
1,0.12002872666875714
1,0.692039501568707
NA,NA
NA,NA
1,0.528313326307598
NA,-0.6890872829088944
NA,NA
NA,NA
1,1.0733131509014289
NA,NA
1,0.014865579711839485
1,0.2947730782504209
1,1.15270268499463
1,0.335540397715967
1,-1.4639643571592091
1,-0.08429142247435295
NA,NA
NA,NA
NA,1.2026328543929432
1,0.6645208381133939
NA,NA
NA,NA
1,NA
1,1.1444994700437323
NA,NA
1,0.678091345799704
1,-1.2119476440319115
1,-1.2936752988855136
NA,NA
1,0.2825904364900207
0,0.4783110014739611
1,0.4633362904126492
NA,-0.7656774766685731
1,-0.9173189251810866
NA,1.1134419648784657
1,NA
NA,NA
1,-0.17932303596512805
1,-1.1195199492803125
NA,NA
1,0.5104477806256086
1,0.7283690905934974
1,0.23711396156221187
1,0.44111825675192323
1,0.5811576182506781
NA,NA
NA,NA
1,NA
1,-0.42105015290423425
NA,1.3379331840894382
NA,-1.8347670697892382
1,1.4721481338356903
1,0.04384990355548275
1,-0.5601195804949359
NA,-1.2306300617362038
1,-0.13055938937165015
1,0.7051418274102088
1,NA
0,1.3710841354751249
1,0.3816577592463052
1,0.9608303078409828
1,-0.8722220008345349
NA,NA
1,NA
NA,NA
1,0.8891740566441675
1,-0.3824223541052106
1,1.6264816670452729
NA,NA
1,-0.39842213223872913
NA,NA
1,-0.8146858332987016
NA,NA
0,NA
1,-0.8247840969223679
NA,NA
NA,NA
1,-0.21763896677908467
NA,NA
1,0.9148182683028486
1,-0.9733487299790388
1,-1.6345880853570485
NA,NA
NA,NA
1,-0.14299918194264677
1,-0.42615638961532987
1,-2.1098748848536126
NA,NA
NA,0.6594281067953968
NA,NA
NA,NA
0,0.7146611111112007
NA,NA
1,-0.257798820392541
NA,NA
NA,NA
1,-0.2835241347640489
NA,1.0355796875551146
1,0.5771537622784866
1,0.7337838603974818
NA,NA
1,1.8617797464670873
0,NA
1,0.47797457888787576
1,0.5904300885031935
1,-0.04138269705724222
NA,-0.05581634923982458
NA,NA
NA,NA
1,0.15271063425179632
NA,NA
NA,NA
NA,-0.7323484305303033
1,-0.7788819466622647
1,-1.3702208897184374
1,-0.7581303783723606
NA,2.419763827125209
1,-0.00610594856118462
1,-0.09357338450895923
1,0.06958891339006322
NA,1.3841174984911355
1,-0.07217621170606701
NA,NA
1,-0.8268798392655957
1,-1.3690189960618473
0,1.036183150841663
1,0.6486883854765471
1,-2.753161827259848
1,-0.6087186990524829
1,NA
1,-1.4074922502834761
NA,1.4129633782976372
1,-1.7883095984110378
1,-1.3997041311390537
1,-0.5155806868604319
1,-0.5232035137258855
NA,-1.2741885965513153
NA,NA
NA,-0.48060266841517435
NA,NA
NA,NA
NA,NA
1,-0.6392225861053983
1,0.9765928601045527
NA,-1.126432270378403
1,-1.2816074981105838
1,0.06622317980878001
NA,NA
1,0.540209015434688
1,NA
NA,NA
1,0.48993709944460967
1,1.7624469815443604
NA,NA
1,-0.3587237589145967
NA,NA
1,-2.0842998610510213
1,0.9776275349720894
1,0.6574493581350619
1,-0.20309896470757643
1,0.33868149450544643
1,-0.02151745556034514
1,0.8424796352678765
NA,NA
1,-0.1207650096208399
NA,NA
1,-0.33284514641893054
NA,NA
NA,NA
NA,NA
1,1.3198079159927278
NA,NA
1,-1.7820151732931844
1,NA
NA,NA
NA,NA
1,-0.5010854412446268
1,-1.921768182271769
0,0.8974815995205735
NA,-0.6174441340724024
1,1.4266597988405392
NA,-1.5396201124281268
1,1.516383313679227
1,-0.0861205348076203
1,1.320440037800764
NA,NA
NA,-0.8250264179362862
1,NA
1,1.9972691985314441
1,NA
1,0.4967876551893604
1,1.2953605774180472
NA,0.9962860121586945
1,0.5965587202949449
NA,-0.990229325930846
NA,NA
1,-1.1649020490357564
1,NA
1,-1.061907169562534
NA,NA
1,-0.5670157958602436
1,-0.538722753306174
1,0.696529296180856
NA,NA
1,1.1162132102369646
NA,0.21668082943928527
NA,0.25904190166956675
1,-0.5648064344645991
1,-1.735094214069953
1,0.34287174634667006
1,0.4226986754822053
NA,NA
1,0.2293131694436628
1,0.04641650294505086
1,-1.4950790190720784
1,0.8545449308415048
1,-1.227651200362148
1,0.7255137698879718
NA,NA
NA,NA
NA,-0.399517101582443
NA,NA
1,1.5180678626605553
1,2.8060787383122396
1,0.7354489360139719
NA,NA
0,0.8545010279851538
1,-0.9937611300759527
1,1.2464876628648773
1,-2.025565615900466
NA,-0.06661649980399677
1,-1.0657655927162852
NA,NA
1,-0.25089378007122604
1,NA
1,-1.042043103227193
NA,NA
NA,NA
1,0.3333010038474313
1,1.0699059704602096
NA,1.594869889130863
1,-0.4281581159304972
1,-1.0314483579455573
1,0.6940361657592862
NA,NA
1,0.6258854131328909
1,-0.14069998682249354
1,-1.4716252027575667
NA,NA
0,0.1885063110408189
1,-1.080403075240417
1,NA
1,-1.6181793370902622
NA,1.4307464319161414
1,-1.0852749403580924
1,-2.137254381480853
1,0.36300780066168237
0,0.20302356158561274
1,0.23836571437486187
1,-0.9823048249426809
1,-0.9205407605604099
NA,0.5660794999562212
1,-0.8799956616842114
1,-2.2657961851468436
0,1.5860656341930053
NA,NA
NA,0.949353058938294
NA,0.8250272414116229
1,0.8020784603995833
1,1.5618722774660618
NA,NA
1,-2.1280732362127526
NA,NA
1,-0.5809339881255918
1,0.7098723498129818
1,1.2293589578108322
1,-1.073510169520691
1,1.9528714318933882
1,0.06631202144789985
1,0.6430413997771228
NA,NA
1,-1.7139726798349366
1,0.32149518610707445
1,-1.5528188891726475
1,0.1747520102573629
1,-1.624134558747438
0,-0.6584878077560081
NA,NA
1,0.13767594427372715
1,NA
NA,NA
NA,0.9956441172273609
NA,-0.9451919131097934
NA,NA
1,0.9554312243281511
1,NA
1,-0.4080036003654093
1,-0.6929332570140277
NA,NA
NA,NA
1,0.0058149172118061206
1,-1.3602803373691186
1,0.14215969036311557
1,-1.1367995156752875
1,-1.8640796329027267
NA,NA
NA,NA
1,1.6508722481164906
NA,NA
NA,NA
1,0.37508223487597275
1,0.6049801411234527
NA,0.24602732638000685
1,NA
1,-0.7623463326055488
NA,NA
1,0.21338296023754716
1,-1.3687111292845333
1,-0.04436924032822233
1,-0.25617769889582553
NA,NA
1,-1.6315788301054324
NA,NA
1,-1.888349890889691
NA,NA
NA,NA
1,-0.9930743036416015
1,-0.5517157347611102
1,-1.9799445325105072
1,0.33378647031256375
NA,NA
1,0.2266519764790692
1,-1.2600782588181778
1,2.4190088145043203
1,0.7421698082442542
0,0.9609325440605245
1,0.7972372175308472
1,NA
1,-0.40855751266790774
1,-1.0247538560469829
NA,0.6792864820747061
1,-1.9681348843555801
NA,NA
1,-0.4562709155597129
NA,0.6041407868177362
NA,NA
1,-0.3782374439387458
1,1.0724655925291442
1,0.2993091001670567
NA,NA
1,-1.2391362413329934
1,1.4985204271677188
1,-0.2527499677959176
0,1.1064720722348587
1,-0.22262227128086434
NA,NA
NA,NA
0,NA
1,NA
1,0.32750499677978234
0,-0.5078746353746791
1,-0.08580151856155138
1,0.7291153193094841
NA,NA
1,0.21949290173501354
NA,NA
NA,0.8815304327443413
1,NA
1,-0.3863056324143728
1,-1.0205064476098584
NA,NA
NA,NA
1,-0.4423534644368517
NA,NA
1,0.18712504836472732
1,-1.0590519900906643
1,-1.3684153253415423
1,0.10802978785142642
1,2.112955903407633
NA,-0.4618754523502831
1,-1.1919344066062385
1,0.5158156787488277
1,-0.4918693890517371
NA,NA
1,-1.0269513187699775
1,-1.7733260371425135
1,1.1975237034781139
1,0.6653254590221942
1,0.1505293842194517
NA,NA
1,-0.7249737045553002
1,-2.0928081460827985
1,0.9182956202858558
1,0.35204218990903785
NA,NA
1,-1.806357306448028
1,-0.7052281446092273
NA,NA
1,0.48207967567844573
1,-1.6797007504941253
1,-0.8490484886464162
NA,NA
NA,NA
NA,1.1612215858381603
NA,NA
1,NA
1,-0.8680941520288294
1,0.34668411984730835
1,-0.7674295196746735
NA,0.2410942158991273
NA,NA
NA,NA
1,NA
NA,NA
NA,NA
NA,NA
1,-0.25522212931105503
NA,NA
1,0.8375020164103202
1,-1.4751091022926863
1,-0.023954516065912194
1,0.32973960887029635
1,-0.3150174358747991
1,-1.4942537531705637
1,-0.27777978761007
1,1.7860740019055852
NA,NA
NA,NA
1,-3.6003820608985246
0,2.1053417698290278
1,NA
NA,NA
0,-0.004313223066829858
1,NA
NA,1.8625595691718229
NA,NA
1,-0.25077089189607554
0,NA
NA,NA
1,0.17906583319544558
NA,NA
1,0.8249751914165576
NA,NA
1,-0.41635260966739845
1,-1.5429893736729872
1,-0.1063432273561629
1,-1.4960558146906362
NA,NA
NA,NA
NA,NA
NA,NA
NA,NA
1,-0.6646989648379621
1,0.6862498513070394
1,0.49704462000347444
NA,NA
1,0.6853957109881677
1,1.6038091823076754
1,-0.6087124860613718
1,0.5846703853776746
1,NA
1,-0.812541395531218
1,-0.4593441648953656
1,1.259357416882547
1,0.32781865384025866
1,1.6722540940238053
NA,NA
NA,NA
1,-0.4744604424097999
NA,NA
1,1.0324098297021334
1,NA
1,0.23891812012488767
1,1.4849720294882796
1,-1.7218904564761774
1,-1.3995633208197933
1,1.4368518799001573
0,0.60505914156894
NA,NA
1,-1.193718271526123
1,-0.4313190787010634
1,-1.279546305987481
NA,-2.881937779743817
1,1.5987307563704702
0,0.24601932303729984
NA,NA
NA,NA
1,0.14810492524713761
NA,NA
1,-1.1366522530179248
1,-1.3141961831682887
1,-0.47882256213375735
1,-0.989373271880118
1,-1.6888434921579787
1,0.20621945319790025
NA,NA
1,-0.7782784252530106
1,-0.07369303177228292
NA,1.4220593947229276
1,NA
1,-0.736877715123542
1,0.1309309737706097
NA,NA
NA,NA
1,-1.001878350149921
NA,1.808125335349361
1,0.6598086820398625
1,0.7666396358972565
1,0.7138042728014623
NA,NA
1,0.7824522447283204
1,-0.3016316415269516
1,-2.4955007359240393
NA,NA
NA,1.0398732464134266
1,-0.7825447392644492
1,1.171390600374126
NA,NA
1,NA
NA,NA
1,-1.7427713793336954
1,0.9457263323594058
NA,NA
NA,NA
NA,NA
1,-2.6538181349664396
1,-0.6262799554521034
1,-1.637652379528188
1,NA
1,1.843554948489256
1,-0.9676963441862435
1,0.3203620716942261
NA,NA
NA,NA
1,0.39545188932656106
1,-0.4824828191754428
0,1.3646033233752328
NA,NA
NA,NA
1,0.37718519264515804
1,0.5806614665317555
1,-1.4155351206898372
1,0.2501704578472397
1,1.294543849452428
1,-1.547240441672384
1,1.8026729737390637
NA,NA
1,-1.5389399714104008
NA,NA
1,-1.717494349222148
1,-0.14158559558824393
1,-0.7768848160074026
1,-0.424619292015824
1,-0.37122398684963037
1,NA
1,0.7105235040494408
NA,NA
NA,NA
1,0.6585625138505233
1,-0.568451502618574
1,-0.529857531907333
1,-0.4884705808376079
NA,NA
1,-0.7254139062981274
1,-2.425131040803921
1,-1.3144605569062537
NA,NA
NA,NA
NA,NA
NA,-0.46007920358024473
1,0.0639115198443672
NA,1.5795699062752389
0,0.5703394409053183
1,-0.15149369291251055
1,-0.4737521420101269
0,1.774234069486056
1,NA
0,NA
1,-1.0739085093025866
1,-1.2619731375719623
NA,NA
1,1.218658057611505
NA,-0.004956912082564774
1,1.3258347982544192
NA,NA
1,-0.3778531564495545
NA,NA
1,1.15072359069154
1,-1.3410288728778905
NA,NA
NA,0.12340558621103219
NA,NA
1,0.3835367284587741
1,-0.7755327003002873
NA,NA
1,-0.050978234339518355
1,0.9822263610981571
1,-1.2204684458650168
NA,NA
1,NA
NA,1.198126328262275
1,1.4220867249100677
1,-0.6735080613508054
1,0.22579423735265938
NA,1.3034349296977372
NA,0.005084787511783435
1,-1.2377307912507838
1,-0.8792364547991998
0,0.9383997031100346
1,-0.1414770797677297
1,-1.657141703942963
1,-0.8148662302319023
1,-0.4000602043882376
NA,NA
1,0.45302097788234275
1,-1.173928134454854
1,0.5268266131875707
NA,NA
1,0.046747789569332746
1,-1.7635009298342572
1,-1.1050577396130878
NA,1.5126832909191559
NA,NA
1,0.07931508050443356
1,0.6913342348147112
NA,NA
NA,1.345917901547782
1,-1.2159351624367938
1,-1.54228786651852
NA,NA
1,NA
1,-0.9823952280580237
NA,NA
1,0.8920440765275188
0,0.8563084381250852
1,NA
NA,NA
1,1.2785877193274726
NA,NA
1,-0.25061647362161915
1,-0.47058228199375457
1,-0.4851639286533857
1,-0.6377899529085493
NA,-0.05324458922697622
NA,NA
1,0.7739582138839968
0,0.06507281977563127
NA,NA
NA,NA
NA,NA
NA,-2.796004591367582
NA,-1.8884227669774294
1,0.5892288643245616
NA,NA
1,-0.8455336648183505
NA,NA
NA,NA
1,0.8103424001716911
1,0.3871754078844159
1,1.6055677742966263
NA,NA
1,-1.2350922023848463
1,0.2520945548062089
1,0.59239516251473745
1,1.2918739657874758
NA,0.7327877274217612
NA,1.194516589340175
1,-0.28528879057972784
1,0.05393418294427144
1,0.19960111552176327
1,-1.0182886761639405
NA,1.101664066637921
0,NA
NA,NA
NA,NA
1,0.8005221260149216
1,0.46486167136822626
1,-1.392443615838523
NA,NA
1,-0.23803198959040606
1,NA
NA,NA
1,1.9414225746436415
1,-0.8226407844877974
NA,NA
NA,NA
1,0.6023650136641703
NA,NA
NA,NA
1,0.2327740985009478
NA,NA
NA,NA
NA,NA
NA,0.6775076672971646
1,0.35783647158743553
1,0.8781507304201861
NA,NA
1,-0.9353792018161855
1,1.6604764466186266
NA,1.3633738388012893
NA,1.2348112778572546
NA,NA
1,0.9676092481945855
1,1.8407471246379883
NA,NA
1,0.06746143919819517
1,-0.8744479118775162
1,-0.6531361802168016
NA,NA
1,0.07408957528458915
1,1.8654523555443854
NA,-0.5188906652782196
NA,NA
1,-0.5930974601779999
1,-1.4643667127323183
1,0.7103972154723848
NA,NA
NA,NA
NA,NA
1,0.6421487374451084
1,-0.4569424947890536
1,0.484160149834575
1,-0.7894301399550865
1,1.3056659542000144
NA,NA
1,1.0446282951889203
NA,0.037212226519793355
1,1.909946683073678
NA,NA
NA,NA
NA,NA
NA,NA
NA,NA
1,-1.27556197816605
1,-0.5787475038474826
1,1.2025368455611698
NA,NA
1,-1.3960521660124612
1,0.7792546942149118
NA,NA
1,NA
1,1.584535954834266
NA,NA
1,NA
NA,1.875037407534978
NA,NA
NA,NA
0,0.8795028557951
1,-0.7061913485320361
1,-1.1161699456604086
NA,NA
1,-0.12189657680198764
NA,1.135988108125801
1,-0.35549026952447765
NA,NA
NA,NA
1,0.06922191493123504
1,-1.664370912788153
1,-1.3727751186462633
NA,NA
NA,NA
NA,-0.6531561904947737
NA,NA
NA,NA
1,-1.0491371719844493
NA,NA
NA,0.16461285134475373
NA,NA
1,-1.7349006929969089
1,0.37670217903303843
1,-0.7864963766100791
1,0.531825635257001
1,-0.19075254422340357
1,0.2510373507003436
NA,1.3802758997112152
1,0.6186542991150362
NA,NA
1,0.6450728629358954
1,-2.619335055647561
1,0.4000629286559134
NA,NA
1,1.0406076239501483
1,-0.13720121905829094
1,-0.778618607683354
1,-0.43817812938661527
1,0.5993991886522047
1,0.2683273679684599
1,-0.6072842381108192
NA,NA
1,1.0826193280906848
0,1.9547808911472686
1,0.9450663605244767
1,-0.28479893645138854
1,NA
NA,NA
NA,-0.3801618594245854
NA,NA
1,-0.14298825720686756
NA,NA
1,0.004144704902712277
1,-0.11312427046111041
NA,NA
1,-0.9800029976952837
1,1.0932168688591735
1,-0.5211368015144486
NA,-1.6182531451426647
1,0.5760232885674414
NA,NA
NA,NA
NA,NA
NA,NA
1,0.08368795126988235
1,-1.370826729384068
1,NA
1,0.9096701058720081
NA,NA
1,NA
1,-0.7511352658102137
1,0.03880322857162007
1,0.3549988117872615
NA,NA
1,1.7423282445382875
NA,NA
1,2.2603157609522424
1,-0.2092410714902808
1,-1.3770575980525435
NA,NA
1,-0.8892985197122963
NA,NA
NA,NA
1,-2.1089084287968958
1,-0.6673864088735532
1,-0.2031999295607874
1,-0.6991601201487685
1,-0.1406377345007717
NA,NA
NA,NA
1,NA
1,-1.1048593605310189
NA,NA
NA,NA
0,0.8517808611198155
1,0.3007284459149508
1,-1.8045954951557694
1,-1.7119975310925826
1,-0.2235740417076842
1,NA
NA,NA
1,0.07418385963382884
1,0.4505609897231923
NA,NA
1,0.4604450391328432
NA,NA
1,0.47390130560944166
1,0.5809356182548978
NA,NA
1,NA
1,-1.0204695429347466
NA,-0.3163918025978538
NA,-1.3377262047697882
1,-0.12859180779243795
NA,NA
1,-0.49374685350210923
NA,2.00721512478173
NA,NA
1,0.7794626433443255
NA,-0.11844333005105181
NA,NA
1,NA
1,NA
NA,1.1177016766350445
1,0.7632038949245825
1,-1.336231182022526
NA,NA
NA,NA
1,1.2326808267503993
NA,NA
0,1.9998741345477358
1,1.8754534598044093
NA,NA
NA,NA
NA,NA
NA,NA
1,-0.764986688911156
1,-0.9113641283531837
NA,NA
1,-0.41902399390124406
1,-0.29630681550582766
NA,0.19734379520442644
NA,NA
0,-0.6269877629626044
NA,NA
NA,NA
NA,-1.9787527670897542
NA,NA
1,0.3228019699698217
NA,NA
1,1.7925649033346582
1,NA
1,0.7501155304281972
NA,NA
NA,NA
1,-0.051823318692715434
1,-1.1293934896637756
1,NA
1,NA
NA,1.2681330648246494
0,1.273237142331095
NA,NA
1,0.19284147623915768
1,1.52458130659989
NA,NA
1,-0.3251300198845303
0,0.21647354714152034
NA,NA
NA,NA
1,-0.7029330436399892
NA,NA
0,2.238635548330458
0,0.5239200135684766
1,0.06630138426282735
1,0.05625445386426865
1,-1.0171573507694234
1,-0.4353058401136977
1,-0.169386088288102
NA,NA
NA,NA
1,-2.551768895806442
NA,NA
1,NA
0,1.190057941401034
1,-1.033928941922097
NA,NA
NA,0.6953953389542151
1,-0.24747332928258817
1,NA
NA,NA
1,-1.127902258015856
1,NA
1,-0.15101312442558842
1,-0.8292852556843638
1,-1.1117932821508871
NA,NA
1,-0.9972965400831705
1,-0.7236069239375202
NA,1.915931998571313
NA,NA
NA,NA
NA,0.3449489132759059
NA,NA
1,-1.590499825955929
1,0.27469522482169556
NA,NA
1,1.42042327066419
1,0.2846759804114106
1,0.6852269327663905
1,0.4935033101171569
NA,NA
1,-0.11182685391353059
1,0.7141206125131244
1,-0.11495113617317952
1,-0.7691957455394368
1,-0.22136683819616904
1,0.23777130018610063
1,0.03602918535743094
1,-1.600994448693826
NA,NA
1,-2.0465161096206312
1,0.4868648009045701
1,-1.3688330802218016
1,0.49090898564107754
1,NA
NA,NA
1,0.12929897504797686
NA,NA
1,1.5312358301844984
1,-0.002953948678835713
NA,NA
1,0.7254414776839604
NA,NA
NA,-0.017122177704665596
1,NA
1,0.6145303171158193
NA,NA
1,-0.9982793969229372
NA,NA
NA,NA
1,0.9625880301330471
0,1.1744170828522655
NA,NA
1,-1.7546440193103716
NA,0.8661590257320175
1,-1.1317341081033283
NA,NA
NA,NA
1,0.23841630410111994
1,0.18695663496625958
NA,2.2985016177340998
NA,NA
1,0.19878855188044078
NA,NA
NA,NA
1,1.3567342128321336
NA,-2.180837654278785
NA,NA
NA,NA
1,0.20504420684160896
1,-0.43447389801345654
1,-0.4960443642712072
1,-0.3806830476337002
NA,NA
1,-0.37810860019942233
1,0.016349747612965357
1,1.2366499308091494
1,-1.8161591295799946
NA,-2.3551923888645705
1,0.08245387610876524
1,2.007052175542975
1,0.6494069834626931
1,NA
1,0.05838218664445978
NA,NA
1,1.021268556014967
NA,NA
NA,1.0552308020583971
1,-0.9810162046609453
NA,NA
1,0.49368684040043215
1,0.7322149357943154
1,-0.43023591932852845
1,2.052355687581077
NA,NA
NA,NA
1,-1.3082430244038352
1,0.28279216003360197
1,-0.38921497810587086
1,-0.1742528674237426
1,0.2688047213322286
1,-1.7319309731487285
NA,NA
1,-0.5705707300191871
1,-0.09269111943420526
1,NA
1,-0.6372855926512043
1,-1.0190944493514857
NA,NA
NA,NA
NA,0.8129005696978858
NA,NA
1,-0.9266354317643796
1,1.1904261247003272
NA,1.3286174714436174
1,1.4028851508420372
NA,1.8643023106923904
NA,NA
0,NA
1,NA
NA,NA
1,-1.6545588782542457
1,0.6807935240375271
1,-0.7452055530061649
1,-0.7375802927179972
1,-1.322798128940789
NA,NA
1,2.3325997429517513
0,2.0032892609248174
0,1.4371871459824528
1,-2.6441707832069916
1,NA
1,-0.6101141740158846
1,0.9300430867556237
NA,NA
1,-0.7825885536667816
1,-0.494406204768432
1,-1.1212604965473207
1,1.9725422525798502
1,2.409950240777245
NA,1.3820712149012668
1,0.06923670862148529
1,-0.8050426040476204
1,0.6216296652438474
1,-1.3260664104391418
1,0.14925323460404283
NA,NA
1,-0.09205482934045874
NA,NA
NA,NA
NA,NA
1,-1.2617818540661985
0,0.28305890862249933
1,-1.3657875323853133
1,-0.8813335037650297
NA,NA
NA,NA
1,-2.326600570179259
1,-0.9667929707802279
1,-0.20056415645610073
NA,NA
1,0.0073455526535195865
1,-1.8790622728276565
1,1.2162585881171653
1,-0.12588274419796974
1,0.32426499009870074
1,-0.9203619015258797
NA,NA
NA,NA
1,-1.4231012739788789
1,-1.6522293345574335
1,0.1391458194591881
1,-1.2173022213780151
1,-0.5193747327858264
1,-0.8155976916107487
1,-1.0864793738486007
1,1.6207702801661497
NA,NA
1,-1.3977003084501638
NA,NA
1,-0.43276977121121596
1,-0.9430217674776036
NA,NA
1,0.6212331068165359
NA,-0.3690422253879916
NA,NA
1,-0.550643669262521
NA,NA
NA,1.0713894571485891
1,-1.2032560599857143
1,1.4523816339870497
NA,NA
0,0.9186151345861951
1,NA
0,1.3807009793914742
NA,NA
1,-1.0075101014517953
NA,0.9317605149540747
NA,NA
1,NA
1,0.9306940501616013
1,NA
1,0.653061928077501
1,1.1096047724138405
1,-0.5138900438698377
NA,NA
NA,0.29755214498885124
NA,NA
0,1.3250637640749259
1,1.7644499817144108
1,-0.8380199385853898
1,-0.6860795071665071
1,0.0640455963858028
1,-0.13867457067550185
1,NA
1,-0.32206127815192803
NA,1.147270129396474
1,-1.2714584231497679
NA,1.2629256340238202
1,-1.0615972052939053
NA,NA
1,NA
1,0.6282744437033142
1,-0.10434268769023833
1,0.4208275049065812
NA,NA
NA,NA
NA,1.6306582549754565
NA,NA
1,-0.23588658653472178
NA,-0.38240574361682006
0,0.909525808399912
1,0.11099210820180885
NA,0.17221704837644744
NA,-1.0721050167334125
1,-0.5978386346657881
1,-2.5884901942802765
NA,NA
NA,NA
NA,NA
1,0.8738561499291103
1,0.8044527962245538
1,-0.534504008292875
1,NA
NA,NA
1,-1.275638095359197
0,1.4319445374999926
1,0.7879618653503123
1,0.3777610499316791
1,-0.3198061703280816
NA,NA
1,-0.1397289595711833
1,0.07845786595195743
1,-0.94840587442074
1,-0.1958416534304163
1,-1.8081297834004546
1,-0.4117973250461083
1,0.1335547864076103
1,-0.12560339343651375
1,0.3440353840647674
1,NA
1,-0.31216051928577054
1,-0.8389058890798988
1,-0.2671231844360624
NA,NA
1,-0.738469756696016
1,0.5887192275796739
1,1.4478541796774886
NA,NA
NA,0.7756573677622414
1,0.6050479599066005
0,0.9115126184597143
1,NA
NA,NA
NA,0.3441388528958897
NA,NA
0,2.118645605265838
1,-0.8043778204525303
0,1.2344695623323791
NA,NA
NA,1.8440397502353254
1,-2.206505667926685
1,0.8907698867242935
1,NA
1,-1.4041250738328468
NA,NA
1,0.0919374909711798
NA,NA
NA,0.9400612773681466
NA,NA
1,-0.31275179710824824
1,0.9418879504496863
1,-1.0900496514610405
1,0.299652424393187
1,-0.21512548781390703
1,NA
NA,NA
NA,NA
1,-1.105087862373955
NA,NA
NA,NA
1,NA
1,0.20459856194327844
1,-0.19078472510005848
1,NA
1,-1.311900751801474
NA,NA
1,-0.11200748362871181
1,-0.2405152867118869
0,0.9292744267628595
1,-0.2343488132753166
NA,0.6104994738252203
NA,NA
1,NA
1,0.8845551519080314
1,-1.5435555651028874
1,1.9232297809050987
1,-0.8997942361077073
1,-0.8263817775489238
1,-0.8100311590227607
1,0.7120206486430283
1,-0.1873657147734221
1,0.2702569507725455
1,0.5136806214928846
1,-0.4482935730935611
1,1.3183919512166242
1,0.9880982213091166
NA,NA
NA,NA
1,0.0433128586000375
0,0.07151126980958104
0,1.6852090352879994
NA,NA
1,-0.259768731587976
1,-1.0039843941800835
NA,NA
1,-1.6316133334826826
1,NA
1,-0.3969462834620059
1,-1.0611486161599704
NA,NA
1,-0.7595859515862828
1,0.29316833776653173
NA,NA
1,0.9488882596445839
NA,-0.772101872440932
1,0.027214066210169207
1,NA
NA,0.16396779813307089
1,-0.40443931194913874
NA,NA
1,NA
NA,-0.1866734878141697
1,0.27298139679897243
1,-0.09004367042428821
1,0.29245222406347754
1,NA
1,0.9862452678907906
1,0.4540224618055063
1,2.369735614731637
NA,NA
1,2.0003064157919406
0,NA
1,-0.6632112682734556
NA,NA
1,-1.0562790020710264
1,0.08321954391000345
1,-0.8616083534892043
NA,-1.1279820057181376
NA,-0.18725588614939317
1,0.26178284546962927
1,0.04131714130327293
1,-0.18148380135272707
0,NA
NA,NA
1,0.8354297300480287
NA,NA
1,-1.029925753638905
1,1.8455847126589997
1,NA
1,-0.20060100424782487
NA,NA
NA,NA
0,1.8020448834720608
NA,0.765600085119243
1,-0.6145143711867062
NA,NA
1,NA
1,-1.5555691242643126
1,-0.17628658956162901
NA,NA
NA,NA
1,-1.1419443197215655
1,1.2729911621912149
1,-1.5340866658047276
1,0.4081593435723912
NA,1.3657030153418532
1,-0.2770087324712752
1,-0.48364021044860545
NA,NA
NA,NA
1,NA
1,-1.365866754418021
NA,-0.30973375022416105
0,0.8755013747290821
NA,NA
1,0.40664667845058644
1,-1.0339515494545928
1,1.5617707448290232
NA,NA
1,-1.4785267612773256
1,NA
1,-1.0206079720274892
NA,0.1266583361495886
1,-1.1998907696583048
1,-0.010791908204090303
NA,NA
NA,NA
NA,NA
1,0.9218856827784516
NA,NA
NA,NA
NA,NA
NA,NA
NA,NA
1,NA
1,1.047016478806626
NA,NA
1,-1.4405506338909022
1,0.4534693637506394
NA,NA
1,0.1396301981828744
1,NA
NA,NA
1,-2.309930319446645
0,-0.0027180273069090286
1,0.14060093045211747
1,0.11028608535203335
1,-0.2929920529274474
NA,NA
NA,NA
1,-0.14589440659824857
1,-2.5857343530120893
1,0.1420936378828197
1,-0.7282299557243308
1,NA
1,-0.38189678305310126
1,1.014299777383887
1,-1.5395024586299277
1,0.4969608701556409
1,-0.8631129947477256
NA,-1.0257910753543606
1,-1.6488252937706893
1,NA
1,-0.545840660534859
1,1.0435275800100363
1,-2.0927794366324686
1,-1.0267702714170706
1,0.9346740486387154
1,-2.377116170009022
1,-0.2849393351846797
NA,NA
1,-1.7573970698051193
1,0.19828741329088148
1,-0.49333228751642716
1,-0.33413158578746976
1,NA
1,-0.7592333698214637
NA,NA
1,0.5019741416783542
1,-0.7813789557961042
NA,-0.7888536412741245
1,-1.3445680091017462
1,0.987590209294599
1,-0.5811508071502947
1,NA
1,-0.9539749694619611
1,-1.3146189527174583
1,-0.34147429957225545
1,0.12042960184178654
1,-1.1537235346389276
1,-0.2950511738132947
NA,NA
1,-0.4108794788671859
NA,-0.9528565791799553
1,0.7546888788156284
NA,0.9287341274873555
1,-0.12210275055056535
NA,NA
1,-0.1868030864931824
NA,NA
1,0.16748536899316668
1,-0.07187984952746178
1,-0.5701345137198676
1,-1.5156637528748689
1,9.185724852763442e-5
NA,NA
1,-0.02544089710353924
1,-0.9023846120586001
NA,NA
NA,0.36888114921748105
1,0.7819065346850453
NA,NA
NA,NA
NA,0.15341516850484319
NA,0.9799872103412426
1,1.8549413886881678
1,0.11136138591045347
NA,NA
1,-0.5627014659605784
1,NA
1,0.4654879488171042
NA,NA
1,-0.40788596659195636
1,-0.8624993265700017
NA,1.356676798770516
1,-0.7926919600637883
NA,NA
NA,NA
1,0.4136696743254195
1,-2.8572776031223426
NA,NA
1,NA
NA,NA
1,0.05130328096553481
1,0.20660977705679212
1,0.5609673687214
1,NA
NA,NA
1,1.247041629480612
NA,NA
1,1.56955923564033
NA,NA
NA,-0.2204808503655172
1,-3.71162124195446
1,-0.4729310326983214
1,0.9118300662694957
1,0.49424011653423966
NA,NA
NA,NA
1,1.7053144736452908
1,-2.2099455408336035
1,0.18447546073689342
1,-0.9788200489865534
NA,NA
NA,NA
NA,-0.9265138712478804
1,0.40139965825872226
NA,0.6753271340641612
1,1.1608515242848632
NA,NA
1,0.021598749205220993
NA,NA
1,0.8707948601757058
1,NA
1,-0.22464596937213277
NA,NA
NA,NA
1,-0.9096134921093081
1,0.21585528046614835
NA,-0.38516656928830123
1,0.4332325911364174
1,-1.1880156550967251
1,0.4643935031022914
NA,NA
1,8.472786941266335e-4
1,-1.2958224322510963
1,0.10544960355641572
1,-1.0454563399310441
0,1.0693694415231851
1,-0.021613338721886165
NA,NA
1,-1.9779828707009584
1,1.560606397801868
1,0.8756746625768594
NA,NA
1,-1.498714079653109
NA,NA
1,-1.808796805134474
1,-1.9125068597465391
NA,NA
NA,NA
1,-0.06245269511466147
0,0.4170914417867785
NA,NA
NA,NA
1,-1.4023690313912374
1,0.6549277201660848
NA,0.32746356433791374
1,-0.0012005273089235222
1,-1.4607771934498148
1,1.2133552484116432
NA,NA
1,1.7441959953237283
1,-1.9428360890243688
1,0.07480481939810821
1,-0.6311184125911767
NA,NA
1,NA
1,NA
NA,NA
1,0.22404834637861365
NA,NA
NA,0.5628180734311716
NA,NA
1,-1.0921918662633685
NA,NA
NA,NA
NA,1.01535652199303
1,-0.009942772446877787
1,0.6925928584077885
1,0.5001798493734368
1,1.1051601952956782
0,2.2223694604367146
1,1.6620580701398056
1,0.6144823730313163
NA,0.38914763420623466
1,-0.5496823025079108
NA,NA
1,-1.5266561844750128
1,-1.1272006013810543
1,-1.1335871919452696
1,0.31420418399098904
NA,NA
1,-0.960786199973078
NA,NA
1,-0.3865715032331786
NA,NA
1,-0.260522876778115
0,NA
1,NA
NA,NA
1,-0.4455129463671347
NA,NA
1,1.423402006555487
1,NA
NA,NA
0,1.06680760993611
NA,NA
1,-1.3503894467711173
1,2.048754474625307
1,0.9902870504657924
1,0.12743943216221945
1,0.30305709743904635
0,-0.14053276391305328
1,-1.1935668912242647
1,-0.9118001078426247
1,-0.6555049551689622
1,NA
NA,1.2554990395062844
1,1.3741483399563794
NA,-0.5063437724960662
0,0.24803854056762903
1,0.3075444255156041
NA,NA
NA,NA
NA,NA
1,0.21031392115430908
1,NA
1,-0.7924236098010198
1,0.06564860005214403
NA,NA
1,1.1413368636266397
1,0.62450057171505
1,0.11999331778351836
NA,NA
1,-0.014014100756923192
1,NA
NA,NA
NA,NA
NA,NA
1,1.3967726998515506
1,-3.159121700965869
1,0.8827794496399574
1,-0.7287419423927924
NA,NA
1,-0.0062798559523741275
NA,NA
1,1.9231136490608765
NA,NA
NA,NA
1,0.8693071593541322
1,0.23618839287502716
1,0.6423122377885694
1,0.5294078314260997
NA,NA
1,0.6517140574954704
NA,NA
NA,NA
1,0.5891993148200709
NA,NA
NA,NA
1,0.48920394948165075
NA,NA
1,0.7154880874451112
1,-2.1297049687476526
1,-0.5987746160669212
1,-1.3609299295073312
NA,0.14050122109867472
1,-0.18674514410251453
NA,NA
1,1.5967341360467628
NA,NA
1,0.5301309886931044
1,0.5264615898633401
0,-0.3805994050668112
NA,NA
1,-0.48264569947574365
1,0.6892846801444601
NA,NA
1,NA
1,NA
NA,NA
1,0.9679964000413233
NA,NA
1,0.5420467683940969
NA,NA
1,-0.5830333130084441
1,0.048097704646429526
1,0.90069179372233
NA,NA
1,-0.41675687933537503
0,0.1914482714481192
NA,NA
1,-1.0168822106227278
1,NA
1,0.5119316139474934
1,0.05107186558056452
1,-0.4721392078068662
NA,NA
1,1.1801080884503026
1,1.0244665751130027
1,-0.4564632257434135
1,0.38039570662999306
1,1.3310962842705747
1,0.3033753885192016
1,-0.25129440168091266
NA,0.4097722310352128
1,0.38677222520674537
1,-0.028501114502652927
1,-0.976314837446092
1,0.005970350399905861
1,1.535563194124821
NA,NA
1,-0.3606254431577392
1,-0.23613210458290892
1,-1.1195243622395272
1,-2.0162680462001115
NA,NA
1,0.764446519060185
1,-0.4337519081551251
1,0.4983956228350416
NA,0.92151941907271
NA,0.4064119589811332
1,0.44522297894868196
1,NA
NA,NA
NA,NA
1,-0.41340547483035567
1,-1.570297622326913
1,1.4346411898062816
NA,NA
NA,NA
1,0.49381692774866437
NA,NA
1,-0.20488846786295511
1,-0.4424838080285981
NA,-0.6386690053195689
1,1.3602903366916583
NA,NA
1,-1.5803654131416027
1,0.7107938529664627
1,NA
NA,NA
1,NA
1,1.8859241782230722
1,0.3457378625862845
NA,NA
NA,NA
1,-0.9482407082141161
1,-0.15308692843149418
1,0.41026288253014265
1,-0.40867656676922104
1,-0.49262583977462227
1,-0.00942668635967516
1,-1.6515405749065553
1,-0.5886167976277228
NA,NA
NA,NA
1,NA
1,-1.9303423390560446
1,-0.1856114559674267
1,-0.9140503183306921
0,1.7310619113756525
1,0.6203302134487523
NA,-0.022367203555059785
1,-0.40069533936902263
1,-0.0510213187597058
1,NA
1,NA
1,1.6259199373655489
1,0.11621447115145081
1,0.09666805021421686
1,0.6387025433565557
1,-0.10939944599714885
1,0.14064630810208367
NA,NA
1,1.3859023700981925
1,NA
1,-1.394849993555647
1,NA
0,0.3665592489579635
1,0.030244472832162424
1,1.081809331242926
1,1.2759124892251037
NA,NA
1,-0.19756257743862335
1,-2.347854815426099
NA,NA
NA,NA
1,0.7388849659721332
1,0.40130214958422733
NA,NA
1,NA
1,-1.7156969734422454
1,-0.17994573202209382
NA,NA
1,1.0723930524359069
1,0.5516079382411244
1,-0.8240825607296336
1,-0.7501550908626192
0,1.4991330063767396
1,-0.998065522945842
1,-0.5079151197520713
NA,NA
1,NA
NA,NA
1,0.41552052878711143
1,-1.0942871223265047
1,-1.2615948890357427
1,-1.4704083224676214
1,1.1932927447413553
1,0.48083889297984467
1,1.8121463922688845
1,-0.8237421873092294
NA,NA
1,1.5315405535048139
1,0.2536297289482729
1,0.6223824925451583
0,1.0226210293065348
1,0.5841338002501972
NA,NA
1,0.5742039241373711
1,-0.007084190544414924
NA,NA
NA,NA
1,0.8929484431435001
NA,NA
NA,NA
NA,NA
NA,1.233398173616911
1,-2.9533366895143414
NA,NA
NA,NA
NA,NA
NA,NA
1,0.24100342825134227
1,0.2140869837982851
1,-0.7034991895029737
1,0.8840827038458943
1,-0.4564969176041041
1,0.6908500999162721
1,-0.543013532161683
1,-1.140709689434754
1,NA
1,0.3450750105021969
1,0.7578331924995364
1,1.8540714607640187
1,0.7808375216746662
1,NA
1,-0.1201928925942587
NA,0.14824655483101887
1,-1.2720283375480477
1,0.1661221804917671
0,1.4309064861759124
1,0.5107172322391191
1,-2.0378775671517118
1,-0.4596136579731544
1,0.10182742376354185
1,0.8590365174103569
1,-0.6007418035243567
1,-0.767713588031286
1,1.116082842953701
1,0.9562433592465676
1,0.29829111677040077
1,1.2012050855172745
1,-0.5994643264963121
NA,NA
1,0.5348273305964442
1,0.6336323611691207
1,-0.5528234908345229
NA,NA
1,-2.0612305375525466
1,-0.9059836681465987
NA,0.44880191371777567
NA,NA
1,0.5580803029269757
NA,NA
NA,NA
1,-0.3069832290025458
0,NA
1,0.9302344297468449
NA,0.4409700109961462
1,0.8351738175068595
NA,0.33478988815057537
1,0.335083841943108
1,-0.0541755187857619
1,-1.8244840549604122
1,NA
NA,NA
NA,NA
1,-0.20679941963385542
1,-0.4110833514284999
NA,0.305849940015401
1,0.8313429368707566
1,0.34365227195457215
NA,NA
1,NA
1,NA
1,-0.2584615344803676
1,0.4443875589865966
NA,NA
1,0.6202764103628867
1,1.1672472532036884
NA,0.7337228135794259
1,-1.78856827889097
1,-1.326207987260493
1,1.1721638251549469
1,-0.9831399061710892
NA,NA
1,-1.9663476477919004
NA,NA
NA,NA
1,-0.29153961949173507
1,NA
0,0.04749215879006845
1,-1.3069681728960072
NA,NA
NA,-0.6587712931892264
NA,NA
1,-0.01692175571795372
1,0.6525186149403848
1,1.1744087512484898
1,0.44599894564437514
1,-1.7644023245597462
1,0.34483553196500877
1,-0.4284770464055971
0,NA
1,NA
1,-0.6379093776682189
1,-0.6932007879336379
1,0.3626794245529523
1,NA
1,0.5003643919128693
1,-0.6569678170250796
1,-0.01896924203727374
NA,0.2011377022395377
1,0.10434361163035191
NA,1.3525848965067442
1,1.3784805196423153
NA,NA
1,-0.5629183365471714
1,1.2041791044622245
1,NA
1,-0.10840777817853514
1,-0.4916681588879904
NA,NA
1,0.4002285658760626
NA,0.662841608688545
NA,0.5668631151182256
NA,NA
1,-2.672556291354971
1,0.20377537299269413
1,0.9087244749973242
NA,NA
NA,NA
NA,NA
NA,NA
NA,NA
0,1.0060802720508168
NA,-0.3404420704856484
1,2.4221282192041684
1,0.4621810151541715
1,-1.1967487939252124
NA,NA
1,-0.5473515135944876
NA,NA
NA,NA
NA,NA
1,0.6935624088691749
1,-1.1712382149203042
NA,NA
NA,NA
1,0.2736793929527057
1,-0.08039552273006798
1,1.156858759977266
NA,NA
1,0.2282039533638153
1,NA
1,0.36156381165224893
NA,NA
1,-0.29722071330227706
1,0.455631258023829
NA,0.989790628312406
NA,NA
0,1.648160927679119
1,-2.232747202019995
1,0.5218308992812528
NA,NA
NA,NA
1,0.7210270239107324
NA,NA
NA,NA
1,-1.0455214111153466
NA,NA
1,-0.9924616794293257
NA,NA
1,-0.5487115610615282
1,-0.4627906192265323
NA,-0.5135001774601627
1,0.10745932664381033
NA,NA
1,1.221096198015402
NA,NA
1,-1.1548761347168865
1,-1.2442519551311495
1,0.7699079599606915
1,NA
0,1.6775086317425452
1,1.0400010682217806
1,-0.8986355371359408
NA,2.0220770951951157
0,-0.4790019802886514
NA,NA
1,-1.5745627703172425
1,-0.890758899638605
NA,NA
1,1.6654825449807507
NA,NA
NA,1.1875219053335542
1,1.3521413801222402
1,0.9258868597524511
1,2.1598161738121306
1,0.22382753041050982
1,-0.9708224080020321
1,-0.1759480379513027
1,1.44815903489667
1,-1.0619860366688871
NA,NA
1,2.0630122905013843
NA,NA
NA,NA
NA,NA
0,1.8497310653827426
NA,-0.4792172876926532
NA,NA
1,-0.6550481502338221
1,0.4342598394565271
NA,NA
1,0.46838772327217754
NA,NA
1,1.0272999455068903
NA,1.309964866357543
NA,NA
NA,NA
0,0.0350475969960956
NA,-0.43592687277793696
NA,NA
1,0.9283499338810095
1,-0.9493501474130914
1,0.48069945528796215
1,-2.7199838740034434
1,-0.6209291615984331
0,0.5629363490640567
1,-0.013289728073853686
1,0.5093453941845519
1,-0.35626660639409785
1,1.4276001360798642
NA,0.6285565289134863
1,0.15670957575023511
1,-0.43551062860818296
NA,0.46699531463103156
NA,NA
NA,NA
1,0.5182509884778193
1,0.9566571995966666
NA,NA
NA,NA
NA,NA
1,-0.9380229513848635
1,-0.941922647867992
NA,NA
NA,NA
1,-1.465090917536587
1,1.038458963490763
1,0.5309987659843141
NA,1.1401833999050703
NA,NA
NA,-0.3123478342035913
1,1.7167847359015218
1,-1.1111921159246332
1,-0.7231813921292203
1,-0.9576619561340458
1,-1.0435688747288043
NA,0.9568085994047626
NA,-0.09208012464317064
1,-0.421987775487045
1,-0.01350024565612404
1,1.1327563933334326
1,0.7684789501780555
1,-0.22267980403781784
1,1.3983465380423892
1,-0.08685164548394142
1,0.5410205693262842
1,-0.3295924083386022
1,0.2986886958950564
NA,NA
NA,NA
1,0.21545189523325783
1,-1.1177694030478666
1,1.3796092983399204
0,-0.6605406439164899
NA,NA
1,1.9673024832661252
1,-1.8712669432874283
1,-1.0439025149591437
1,-0.7205389411864841
1,-0.5222828683195232
1,0.37598465303413453
1,-0.2609395648812654
NA,NA
1,1.0554693796069923
1,-0.007170543222719048
1,1.6182483622568995
1,NA
1,-0.4022659022906644
1,NA
NA,NA
1,-0.7645177186422732
1,NA
1,0.05406536663503715
NA,NA
NA,NA
1,-2.0438255605112947
NA,-0.398879502340677
1,1.8064933257254663
NA,NA
1,-1.1421574027540191
NA,NA
NA,NA
1,0.03974226736268136
1,-0.5676691537696666
1,0.8700679391244066
1,0.8802170532430216
1,0.786127416662782
1,-1.2192119001988244
1,NA
1,1.4904221406417535
1,-0.6871731737107283
1,NA
1,1.0430030263531709
1,1.515139980220671
1,-0.7670847415057584
1,NA
NA,NA
1,-0.48194862283980766
1,-0.031162859303561403
1,-0.9871852388632577
NA,NA
NA,NA
NA,-0.20200059239068993
NA,NA
1,0.6143997375626051
1,NA
NA,NA
1,0.13458752349330821
NA,NA
NA,1.2648505176040519
1,-0.572062717974881
NA,NA
1,1.19443055854522
1,-1.330603314361594
NA,NA
1,-0.0019148851501003064
NA,NA
1,-1.1710198107157748
0,-2.887043510870834
NA,NA
1,-0.03497857859271694
0,1.504969378041252
NA,NA
NA,NA
NA,NA
1,-0.9251010486631881
NA,NA
1,-0.7261447632179423
1,0.22337831775410155
1,0.23156285456461628
1,NA
1,NA
1,NA
NA,NA
1,-0.1475164359744631
1,0.3258582647335425
1,0.48834932370420137
1,NA
NA,NA
1,2.2300853148922553
NA,NA
1,1.0115872513226327
1,-0.4974580070351118
NA,1.876503910376496
NA,NA
1,-0.6267872992631079
1,0.7033656460239164
1,1.0145293545867033
1,0.5417280190627439
1,0.40610114025211635
NA,0.5443120360295834
1,-1.4073669302877472
1,-0.491726215685978
1,-0.7081984646172522
NA,NA
1,-0.6566697727059785
NA,NA
NA,NA
NA,NA
1,-0.5421969951382232
NA,NA
1,0.1531555234223861
1,-0.5342014517895698
1,0.9548778145102219
1,0.8804046782327153
NA,NA
1,0.24806604116624975
NA,NA
1,1.2746071009866637
NA,NA
NA,NA
0,NA
NA,NA
1,-0.8215662632548019
NA,-0.6937240449538566
1,-0.9037608546663884
NA,0.14342097220817357
NA,NA
NA,NA
NA,1.316910959663499
1,-1.7410917995998416
1,-0.38090338374148897
1,-0.35444770471936393
1,-0.9104392013186008
1,0.2570252652525307
1,-0.5317637536814721
1,-1.5950240954734685
1,0.09803529747960539
1,-0.3789142909632098
NA,0.8711555980796863
NA,NA
1,NA
1,NA
1,NA
1,0.402131429321743
1,-0.4324194636602907
1,1.195807932214328
0,0.19954723763707322
NA,0.7358978855227513
1,2.200354653592843
NA,NA
1,-0.45038480407085457
1,0.9148324393727546
1,-0.32801355550544814
1,-0.8638452271987507
1,0.08059853817185898
NA,NA
1,-1.3606197793813262
1,0.40140875123936515
NA,NA
1,0.5396848396166422
NA,NA
1,-1.1604270337109743
NA,NA
NA,NA
1,-0.5335637835490148
1,0.7815050123952376
NA,NA
1,-0.33270907638205244
NA,1.5552671216093916
1,0.4831938971310829
NA,NA
1,0.9782627274134712
1,-0.1216329915058631
NA,1.0055884565958295
1,-0.8891924780390414
NA,-0.026337889549887743
0,1.1997158990744723
NA,NA
NA,NA
1,1.328457087094964
NA,NA
1,-0.06101896594496531
NA,NA
NA,NA
NA,1.158588373817885
1,-0.5380122523557714
1,-0.1402432262664483
1,NA
1,0.6957009906704124
NA,NA
NA,0.39551219941408233
1,1.691125171947789
NA,NA
1,-0.4300645310313954
1,-1.6186993255368678
0,1.319735058711186
1,0.3763066684151303
1,-0.5433389011777519
NA,NA
NA,NA
NA,NA
1,-0.19040467547824416
1,-1.5083300012780716
NA,NA
1,-0.4581373182138895
1,-0.5113404217585916
1,-1.0894056682173967
NA,NA
NA,-0.032029386711339924
NA,NA
1,-1.4294597321602283
NA,NA
1,1.7315147341803871
1,-1.2115221380623216
NA,NA
NA,NA
NA,NA
1,0.14120182087808492
1,1.0593015641939858
1,-0.0165196048101872
1,NA
0,0.804435895617015
1,0.57179955344793
NA,NA
NA,NA
NA,NA
NA,NA
1,NA
NA,-0.5153122470289896
NA,NA
1,-1.9703952241990366
1,-0.7156511256457336
NA,NA
NA,NA
NA,NA
NA,NA
0,-0.48750793702164785
NA,NA
NA,NA
NA,-0.7984316872740558
1,-1.7774287103023303
NA,NA
NA,NA
1,0.41245369441471874
1,0.4631195083257069
NA,NA
1,-1.4460416550281263
NA,NA
0,0.5424783212938437
NA,0.937383474666084
1,0.4600691985823162
1,NA
1,0.03854852299977849
1,NA
NA,NA
NA,NA
1,-0.00852198423444715
NA,NA
0,0.12114901075723664
1,0.04205199377162555
1,0.5937883341504657
1,0.8003577258851731
1,1.121567555350868
1,-0.4471011102490246
0,0.29721421465798853
1,0.8426644316708873
NA,NA
1,1.2013907126205547
NA,0.6977345004315688
1,NA
1,0.4845233070116199
1,0.5036500986423589
NA,1.628893503686492
NA,NA
1,0.11168947555769818
1,1.9409776968751595
NA,NA
NA,NA
NA,NA
NA,NA
1,NA
1,-0.2774933062206716
1,0.8737663765513912
0,-0.18473440185159645
NA,NA
NA,NA
1,-0.35619025962751233
0,0.09986678074571338
1,-1.526056809931367
NA,NA
1,-1.4372573959993973
1,NA
NA,NA
NA,NA
1,-0.02970403350160367
1,1.261044045335242
NA,NA
1,0.7771860904948394
1,0.13465444989240344
NA,NA
NA,NA
NA,-0.3301412126826972
1,-0.29083311363506875
NA,2.531717386381357
1,0.7528181160888433
1,NA
1,-0.9504788093651285
NA,NA
1,NA
1,-0.5101094246811508
1,0.8538870825611085
1,NA
1,0.0010246548348036167
1,1.7902260023352392
1,NA
NA,0.12088020625762433
NA,NA
NA,NA
1,0.41139166782117936
1,NA
1,0.4372192473549472
NA,NA
1,-1.4404673202369078
NA,-0.578330516868314
NA,NA
1,1.3483439628669045
NA,NA
1,NA
1,-1.1962449890548403
NA,NA
NA,NA
1,0.40109230431076437
1,NA
NA,NA
1,-1.3930503832587549
1,NA
1,-0.504223435036315
1,-0.972770409353269
NA,NA
NA,NA
NA,0.4077318271761021
1,0.3060293931607162
1,-0.3634932221467544
1,-0.4546594080094356
NA,NA
NA,NA
1,NA
1,0.42423856715902225
1,NA
NA,NA
1,1.3416601022913197
1,1.4700558842992408
NA,-0.2245589171644027
1,0.9261284437289907
NA,NA
1,0.3819279369935788
1,0.5411668519276894
NA,NA
1,-1.2110883758373137
1,0.36591854218940834
1,1.7419978208369071
1,-0.9664678202923951
0,0.4850760389092913
1,-1.2918407359806845
1,-1.1218431171301855
NA,NA
1,NA
NA,0.026421775323413912
1,-1.6835138106292378
1,0.3729090818052525
1,0.43374985593325194
NA,NA
1,0.18535765523039893
1,-0.7645244068556732
1,0.1999712934083573
1,0.6554502070289727
NA,NA
0,1.6622621477014068
1,0.2591181654839637
1,0.21443688744836614
1,NA
1,0.0028560826730530797
1,NA
1,0.031076492830339433
0,-0.6494856004347744
NA,0.5789000583785215
1,-0.7050325387707593
NA,NA
1,1.212934771667084
NA,NA
1,-0.06701853546747598
1,-1.4209403790734847
1,-1.1614493508242951
1,0.8685204160433092
1,0.22083999490658934
1,-0.050410925732900416
NA,NA
1,0.7261072509889539
1,0.016698393959744096
1,0.23487277383093952
1,0.3383929266700412
1,-1.409394422358587
NA,-0.7496224375945222
1,0.7800606519875575
1,1.8734926031708836
1,0.437433867597788
NA,NA
NA,0.8656858454148556
NA,NA
NA,NA
1,0.10363506170415897
1,NA
1,NA
1,-0.9716286603718615
NA,1.039328052698931
1,1.5761976089841976
1,-0.633501316015191
NA,NA
1,-0.4279113640932702
1,0.6630726763084287
0,1.4045811752837243
1,0.5866553221104539
1,-0.8692001633506738
1,-0.7615629051442864
1,0.3501770731427458
1,-0.7294648603631998
NA,-0.5265689912729811
NA,NA
NA,0.7056728295184247
0,0.11233333904822242
1,-0.47251804276369336
1,-0.51966937904138355
0,NA
1,NA
1,-1.6632225909608613
NA,NA
NA,0.16233835019613324
1,0.3542785504440854
NA,NA
1,0.5755040213509937
NA,-0.3499799209778121
1,0.5582587555156834
NA,NA
NA,0.6895641896704091
NA,-1.6048362266004315
NA,NA
1,0.6316958485705472
1,NA
1,-0.913593790865372
1,NA
1,-1.3365453774843716
1,-1.7457996726314966
NA,NA
1,0.3668022972500953
1,0.3545922266423299
NA,1.3202810835522096
NA,NA
NA,NA
1,-0.2737785561162457
0,1.2455786048905688
1,0.36386220750978426
1,-0.7992296800020532
1,0.4164167556839704
1,-1.599127784036769
1,0.952992759636704
NA,NA
NA,NA
1,-0.19992532614889458
1,0.5433981512846345
1,-1.500888811823242
1,0.24027475722322655
NA,0.16422651658348375
1,-0.14167935860188033
1,-1.222950006879149
1,-1.0317828313290782
NA,-0.02732414794224457
NA,NA
1,0.5726352615690167
1,-1.8356536917405666
1,0.3623980847502732
1,0.01736737881188168
1,0.06175864937791078
NA,NA
NA,NA
NA,NA
NA,NA
NA,NA
1,0.1508849529825385
NA,NA
NA,NA
NA,NA
1,NA
NA,NA
1,NA
1,-2.8555381242710847
NA,NA
1,0.4077269663415591
1,0.29238013035217725
1,-0.25326888389155794
1,0.27595713278727696
1,-1.102763651990007
1,0.8812487238815735
1,-1.1323648010681289
NA,NA
NA,NA
1,1.2050209748213763
1,-0.9082803719182706
1,-0.3367520320480486
1,-1.3261788476866434
1,-0.05841064508141223
0,1.2610135928389437
NA,NA
1,0.0026566922724824463
1,0.6989896903735685
1,0.049479180196279865
1,0.8331130022020754
NA,NA
1,-1.0560372558764461
1,NA
NA,-0.49112708662398114
1,0.8149082968490654
1,-0.03729658529069185
NA,1.8634886247050233
NA,NA
1,-0.6190795237313189
1,0.92703811822738
NA,NA
NA,-1.506306710362074
1,-1.0031809456910497
NA,-0.731690680700364
NA,NA
1,0.492846703250082
1,0.4192007590831938
1,-1.7278537981246336
NA,0.6578925077251107
NA,1.1140552328159903
1,-0.47320065780985
0,2.006509930286976
1,0.7342790609520368
NA,NA
NA,NA
1,-0.0032866544585517347
1,-0.3309732489183359
1,-0.40894262827393746
1,0.09165411611895195
1,-0.2534890024643136
1,-1.0454255496965805
0,2.114471978400415
NA,NA
NA,NA
1,0.9609674224065307
1,-1.2182729563880041
1,NA
1,-1.019188341591057
1,NA
1,0.06937649521827716
NA,NA
1,-0.30119834225495656
NA,1.078302242206116
1,0.8080157278824138
NA,NA
0,0.4605464811935249
1,-0.7460722856950114
1,-0.40920076445728454
NA,0.6055003522013038
1,1.324428383885829
1,-1.940409112682319
1,0.976272358673766
1,1.3157279919833782
NA,NA
NA,NA
1,0.13335503539622548
1,0.863990070815387
1,-0.6861757658608219
NA,NA
1,0.9137090649207156
1,NA
NA,NA
1,NA
1,-0.4820136680586733
NA,NA
1,-0.8073095821745494
NA,1.5316798287264595
1,0.03481641071710869
1,-1.163549174722006
NA,NA
1,1.3930308047755562
1,0.02383608380010329
NA,NA
NA,NA
0,0.9690591002926241
NA,NA
1,0.21913100503978944
1,-0.8648142943386132
NA,NA
1,0.882898427680903
1,0.43235128961281033
1,-1.4787594040645076
0,NA
1,-0.16045102505122136
1,-1.2362769435436705
1,1.5922656248511555
NA,NA
1,1.793451713000767
NA,NA
1,-1.895396259282219
1,-0.9009042476268063
1,0.21568407676217077
1,0.728833891210037
1,0.7015387856192793
1,0.3746035310007477
NA,-0.7861644192044468
NA,0.7705597343362796
NA,NA
NA,NA
NA,NA
1,-0.8494836747978722
NA,NA
NA,NA
NA,NA
1,0.08936315192422556
1,1.2854317451998443
NA,NA
1,0.02367479465464767
1,-2.0456279041470466
NA,NA
1,0.8472782768655727
NA,NA
NA,-0.5344430532853445
1,NA
1,-0.5055552977442392
0,0.3203465765944813
NA,NA
1,-1.191898704785624
NA,NA
NA,NA
1,0.4175952383152266
1,-1.500019938354609
NA,NA
0,-0.5371177102262561
1,0.391698403694065
1,0.46438450500660944
1,0.7188678296907918
1,-1.1641822958217454
1,-0.48415325286738814
NA,NA
NA,NA
NA,NA
NA,0.041375647160170795
1,-0.6473454831683881
1,-0.9055973557383143
0,0.9960865429820263
1,-0.3501908101964296
1,-0.5242745504511639
1,-0.3426481339543144
1,-3.1840351010288566
NA,NA
1,NA
1,0.05585106909086642
1,-0.4431487950532201
NA,NA
1,1.5380596443085193
NA,NA
1,0.31249761402108783
NA,NA
1,0.5142474296105276
0,NA
1,-1.2177216288143582
NA,NA
1,-0.4374513013449545
1,0.37076508740752606
NA,NA
1,1.7922004826242226
1,1.8489913970062688
NA,NA
1,-0.25299854155451396
NA,NA
NA,NA
1,0.16522128893058555
1,0.20898256125155096
NA,NA
1,-0.35132791609269304
NA,0.6340219510582136
1,0.3463188073218892
NA,NA
NA,1.243274544654584
NA,NA
1,1.5240345665871096
1,-1.4938835605484702
1,0.12449385774155367
1,0.8197935858495842
1,-0.34161727258442304
1,0.7573981409261413
1,0.9418800725042858
1,-0.7494662000378639
1,0.8604580022322437
1,-2.3259958618127694
1,-0.5805173487217674
1,-2.0195196044810526
NA,-2.250753883291905
1,-0.6113969846370191
NA,-1.2452858395843902
1,0.5815187353226285
1,NA
1,-1.2794476452524637
1,1.250661838102902
1,-0.458214457216966
NA,NA
1,0.13072717600744013
1,-1.60170255981024
1,0.3320667491309198
1,0.14312307919381226
NA,NA
1,0.9415196080690478
1,0.18016707261846032
1,0.010535768622007445
NA,-1.210992519367638
1,0.2961857880987742
1,-0.4399498915286246
NA,1.6035671222947565
NA,NA
1,0.5615689108492028
1,-0.43240463542495716
NA,NA
1,-0.7444144691776978
NA,-2.8150517374583104
1,-0.662156299504438
NA,-1.8284953558540828
NA,NA
NA,NA
1,1.2801213774903422
NA,1.755329097481016
1,0.8451573032231879
NA,-0.521245892716989
0,1.5918652907763795
0,1.5138170105206663
1,1.028920451542017
NA,NA
1,0.03243893008308908
NA,NA
1,1.0419163102736377
0,1.3670367937342722
NA,NA
NA,0.419511676087508
1,-1.7720977140396068
1,-0.36456784911215245
NA,NA
1,1.2954149647203823
NA,-1.7692346759979471
NA,NA
NA,NA
NA,NA
NA,0.1318586584347084
1,0.03059013361943584
1,-0.0357061852212449
NA,NA
1,0.17281386919619143
1,-0.5000601900203668
NA,NA
1,-1.2736469447782233
NA,NA
1,-0.3330271832724657
NA,NA
NA,0.2618504993769659
1,0.6493556812099146
NA,NA
NA,NA
NA,NA
1,1.1099034317798064
NA,NA
1,-0.5494459575496335
1,-1.0127985141738918
1,1.6181328957724044
NA,NA
1,1.3871431641441447
1,-0.5385198398954685
NA,NA
NA,0.05489051306985398
NA,NA
NA,NA
1,NA
NA,NA
NA,NA
1,NA
NA,NA
1,-0.8308609350425121
1,1.5552150622471212
1,-1.3004322381137834
1,-0.7420367887971563
NA,NA
1,-0.6058060939764325
NA,NA
1,-0.9390443092086932
NA,NA
1,-0.8932305967187384
1,-1.0154407507930694
1,0.09843676216145984
1,0.6411708893522434
NA,0.929920986448444
1,1.3973832578973786
1,NA
1,-0.26848517050014675
1,0.3678729165601224
NA,1.638738265827862
1,0.9586196950141472
1,1.3405295148002485
1,-0.6315673549893748
NA,-0.045606927182256
NA,0.7576519886189925
1,0.35280865727953753
1,-1.8158397124032237
1,1.297144598815486
NA,NA
1,-0.4601145299485855
1,NA
1,-0.9782006775814428
1,1.4720069639569897
0,1.3624092892881983
1,1.021777309416804
1,-1.2677115866797117
NA,NA
NA,NA
NA,NA
1,0.034029965385537896
NA,0.6951926639996558
NA,NA
1,-1.4867802211967425
1,-0.3590807146643394
NA,NA
1,-1.2767214067288617
1,-0.958241289181698
NA,0.40956258449019356
1,1.0719348283804202
0,1.2339744836299762
NA,NA
1,-0.5737671146340467
NA,0.3191318535032907
0,1.2245397151873785
NA,NA
1,0.28103673864761075
1,0.1826207809836863
NA,NA
1,-0.7145971710438197
1,NA
1,-0.4382357863590942
NA,NA
1,-0.03556837582402517
1,-1.5427815161490626
NA,NA
1,2.0084319792552177
NA,NA
1,-0.6365817644257143
NA,NA
NA,NA
NA,NA
1,1.1532617429644672
1,-1.2241108801802445
1,NA
NA,NA
NA,NA
1,-2.0072772185347456
NA,NA
1,-0.9785902578139569
1,-0.09371376035392513
NA,NA
1,-0.11931684836557316
NA,NA
NA,NA
1,0.7957841669635913
1,1.3586476572122284
1,-1.7793847575909638
1,0.2814945483537005
1,0.827089392203373
NA,NA
1,-1.8291454449099922
NA,NA
1,-1.4165604558209193
1,-0.950502923948602
1,-0.058769541602955465
NA,NA
1,-0.3930218249733925
NA,NA
NA,NA
NA,NA
NA,NA
NA,NA
NA,NA
NA,NA
NA,NA
1,0.3239961861456254
1,-0.5480834945522303
NA,NA
NA,1.0639924068176125
1,-2.2707392442686687
1,0.002583572815597624
NA,NA
1,-1.7502553889968646
1,-0.8510859227915244
1,-0.5397079646131997
1,0.8766130385316108
NA,0.30866937271535616
NA,-1.3554123466277859
1,-0.160233962342655
NA,-0.22168126999251792
1,-0.40558051550109026
NA,NA
NA,NA
NA,-0.4800345529571138
NA,2.296013062625702
1,0.20648725330430498
NA,0.375707592940169
NA,NA
NA,NA
1,-0.7037309110542893
NA,NA
NA,NA
0,NA
1,1.308054442393364
NA,NA
NA,NA
1,NA
NA,NA
NA,NA
1,-0.5021589082741545
NA,NA
1,NA
1,NA
1,1.5199134350561792
NA,NA
1,0.9524552240817338
NA,-3.1968916954693554
1,NA
1,0.5999342134449813
NA,1.8485266754993313
NA,1.3835276311028337
1,-0.3561645069465545
1,NA
NA,1.4443660499955704
1,0.18383012938946489
1,-1.5219293584073954
1,0.851426108865875
0,0.6200094921682887
1,0.04731587362848222
1,NA
NA,NA
1,0.13116352635109357
1,-1.179941177353168
1,-0.3199038482841633
NA,NA
1,0.3571250356502773
1,-0.3959845645176392
0,0.8317807627503883
0,-2.137353856183683
1,-0.06567048258577916
1,0.03562143529950656
1,0.6671269081414081
1,-0.9704387071518252
NA,-0.8737049566884659
1,NA
1,0.7865168838690522
1,1.2350197074134883
NA,NA
0,1.8048301828348436
1,0.7536154244742667
1,0.024814646476169506
1,0.7131723603416785
1,0.9748363844867113
1,-1.865017142672181
1,-2.159613940412221
1,-1.0338354033098256
1,0.6776694942940277
1,-1.0356005673472668
1,-2.2984377233296205
1,-0.3188543993927367
NA,0.25698399211566414
NA,NA
1,0.7921415077701381
1,-0.6484722816032044
NA,NA
0,0.5667015431877613
0,-0.15793372999814498
1,-0.7020610014373204
1,0.3884980991125551
NA,NA
1,0.559357639818703
1,NA
0,1.235680013073053
NA,NA
1,-0.9952066377888039
1,1.2559032849666592
1,-0.47386939618258395
1,0.6882582365776505
1,-0.14050407242336738
1,1.0990358529196083
1,-1.047187014241966
1,0.4127074383449698
1,-0.8326724455351006
NA,NA
NA,NA
1,1.173034479660479
1,-0.18355722546718975
NA,NA
1,-1.7979766762060698
1,-0.0923389682457419
1,0.8449087837541293
NA,NA
1,-1.3596967748685362
NA,NA
1,-0.7220230245774497
1,0.19438616210413162
NA,NA
NA,NA
1,-0.3223137358642904
1,-1.467532627469376
NA,NA
NA,-0.017538417670849592
1,-2.3959706447476083
1,-0.7899959230257834
1,-0.8337342533175749
1,-2.6892225036938595
1,0.659808869788601
1,0.04117816987511515
1,0.0759056511979045
NA,-1.9781085033944017
1,-1.6229862597031808
1,-0.7732213499040308
1,-1.4727109093060808
NA,NA
NA,0.24409283112139257
1,-0.8742300769699121
NA,1.1091362146657564
1,-0.49039568496742825
1,-0.29645734884006536
NA,NA
1,-0.7753617572255244
1,0.44362616614978156
1,-0.3278167368029276
1,-1.6032906067763912
NA,NA
1,-1.4808598127946333
NA,-1.5248735775916233
1,0.27236246756190297
NA,-1.3502772140917403
NA,-0.051674241986186725
1,-1.0400786257334214
NA,NA
1,-0.38843128225225676
1,2.336221643302607
1,-0.1359915994079278
NA,NA
1,-0.17557328262480265
NA,NA
NA,NA
NA,-0.9190983287870477
1,0.5377282578097415
1,0.9387093417652501
NA,NA
NA,NA
1,-2.078750139626432
1,0.010612942835515936
1,-0.09571163970273071
1,-0.46017013960806963
1,-0.310458532665536
NA,NA
NA,-0.9077726625688538
1,-0.1029898776487883
1,0.6979970524113428
NA,NA
1,0.4983726207622958
1,0.6205772269568409
1,-1.467595354898589
1,1.2750625522840784
1,1.7228238275690364
1,0.8252141810531314
1,-1.6570393313525702
NA,NA
1,0.7096081703004693
1,-0.909743263506232
NA,-0.4053964378612165
NA,NA
NA,NA
NA,NA
NA,-1.1779520596792659
1,0.33664583197335124
NA,-2.1128079315539416
1,1.0595272222171743
NA,NA
1,NA
NA,-0.3588168959039573
1,0.2753901987368566
1,NA
1,-1.089864783203523
1,-0.6922707958581219
1,0.9330537367534348
NA,NA
1,-1.8884269376718767
NA,NA
1,-0.8925638165854821
NA,NA
1,-1.1229230383482156
NA,NA
1,-0.49988069302045285
NA,NA
NA,NA
1,0.21504880772195759
1,NA
1,-0.37741807767785285
NA,-1.1824497551731723
NA,1.2408827261403235
0,0.9540676719795786
NA,NA
1,-1.8562963912820196
1,-0.25644368761770997
1,NA
1,-0.9183851194192931
NA,NA
1,-0.09534513739626027
0,1.5143970731247989
1,-0.9495252263304577
NA,NA
1,-1.2029489941285132
NA,NA
1,0.15478168631381864
NA,0.4401585406971238
NA,-1.5456880855490605
1,-0.5389957063145975
NA,NA
NA,-2.1655136257432552
1,0.3894927869226365
NA,NA
NA,NA
1,-1.1043592842873893
NA,NA
1,-0.5446798390951305
1,-0.279399703791677
0,0.27847440506950416
NA,NA
1,-0.627048255696535
1,0.4444503303771825
NA,0.3752199515390433
1,-1.363596624679699
1,1.6091974430351597
1,0.5198836893015369
1,-1.4351623968433271
1,-1.3722330528651465
1,-0.8323603937023378
NA,NA
1,0.8264705224183524
NA,-0.03147864302983336
1,1.2830082258015756
1,-0.5721188778936698
NA,NA
1,-0.9343794920681374
1,0.3045532708388255
1,-1.3054535019124092
1,NA
NA,NA
0,-1.6706112500207169
0,NA
NA,-1.2225009673033322
NA,NA
1,0.8324148973897079
1,0.5016486172653514
1,1.3834254972329154
1,-0.34049651770892614
NA,NA
1,-0.4390198384050596
1,0.3432323814906545
1,0.23687089693997113
0,1.3174562785803503
NA,NA
NA,1.39931336585916
1,-1.36702086805139
1,0.11169087435306405
1,0.5383146060985069
1,0.6725927115716799
1,-0.11681029082139793
NA,NA
1,0.06636150106922303
1,0.7636949550643809
NA,NA
1,NA
1,-0.17672014845556613
NA,NA
NA,NA
NA,NA
NA,NA
NA,NA
NA,NA
NA,1.1254315593400745
1,NA
1,-1.6938907151564524
NA,0.05235725447640846
1,0.8530858567474605
1,-0.6829616936441689
1,-1.2869598875435686
1,-1.5746265226326768
1,-1.5872351670913885
0,-0.5641768367111344
NA,NA
1,-0.21035079457503622
1,0.49643505663788823
1,-0.6942552003410895
1,-0.4908311326725951
NA,NA
NA,NA
1,1.8887802622971366
0,0.8361918514401923
1,0.677254571825124
1,0.44770468921749595
NA,-0.3860357722339026
NA,NA
1,0.9451109190921023
NA,NA
NA,NA
1,0.9037815925786902
1,-0.1406110012321708
1,1.6859653474256064
1,-0.7626644741568778
1,0.136064613538407
1,0.6161825400588447
1,1.0016191774800687
1,NA
1,0.6417367149842144
NA,NA
1,-1.1702147783135943
1,-0.769224266661158
NA,0.30006876081095596
NA,NA
1,-1.0067526214663758
1,0.616719132061599
1,0.031435165861216745
NA,NA
1,NA
1,-2.2259566038673406
0,1.734971176243173
1,0.04013444959273052
1,0.8320349917256349
NA,NA
1,-0.7490556094494633
1,0.7422810996980971
1,NA
1,-0.31558194361776304
NA,NA
NA,1.0486392537496414
1,0.5313706903268721
NA,1.5377503382662032
NA,NA
NA,NA
1,1.323653334389574
1,-0.3458546385757553
1,-0.31162279715257507
NA,-0.1926770051866531
1,-2.152599168236534
0,1.1219620586608696
NA,-0.05418421439973868
1,NA
0,-0.052425225743611865
1,1.1657869633868227
1,-0.6097767416858927
1,NA
1,-0.06547082737444018
1,-0.450108857147983
1,1.1763522625970015
NA,0.707254428619112
NA,0.8358338618465322
NA,NA
1,NA
NA,NA
NA,NA
NA,NA
1,1.3525991896625145
1,0.3539441735486913
1,0.9169089369101198
1,0.5585403848487187
1,-0.8282381468813707
NA,-0.8925151307586897
0,-2.4774774707380054
1,0.06180395207640735
NA,1.5335081137272715
NA,NA
1,NA
1,1.5446141979167012
1,NA
NA,NA
1,1.0163059242662031
NA,NA
1,0.3178753869174064
1,-1.3008338476138224
NA,NA
1,-1.5910939268363335
1,NA
NA,NA
NA,0.8675736247110455
1,0.6442560407002798
1,-0.6618929063720502
1,NA
1,-0.42711972071879545
NA,NA
NA,0.8195125708432272
NA,-0.02207960146053963
1,-0.3972445691668095
NA,0.9718061814980823
1,0.7534352207231715
1,1.4245054851557715
1,-0.6611089358790124
1,1.226653783360137
NA,NA
0,1.3753076103570776
0,0.32443068859911556
NA,NA
1,1.1475769196020973
1,0.16462960541820879
1,1.7503016281811903
1,0.09546017256910522
1,-0.39137871199959146
NA,1.3701383765139148
1,-0.5043124302865234
1,-0.032101766050151435
1,0.14995680510526438
1,0.8016981731110732
1,-0.3662952978910095
1,-1.9576060695519628
NA,NA
1,-0.30618937572075666
1,-1.0980003058754073
NA,0.02554942904739527
1,-1.805139739771978
1,0.43891999613379423
NA,NA
NA,NA
1,-0.36896671923412133
1,0.708357371311568
NA,NA
1,NA
NA,NA
NA,NA
1,NA
1,0.8278265359515473
NA,NA
1,0.7645032921763988
1,-0.21908072759657424
1,-1.0947479286146387
NA,NA
1,-1.0637834511000093
1,0.45931293587343447
1,NA
1,0.40627505483818305
0,NA
1,1.2799027578157238
NA,-1.648308028297689
NA,-1.2487910661281885
1,0.43583304681388557
NA,NA
1,-1.4110139747415147
1,0.1802450408371775
1,NA
1,0.6846089090775929
NA,NA
1,0.6725833150835526
NA,NA
1,1.104865946074958
NA,0.6901036683077909
1,0.4419821232664876
1,1.0392367909031703
NA,NA
NA,NA
0,1.2751503649050169
1,0.351527706994558
NA,NA
NA,NA
NA,NA
NA,1.6177827993680491
1,NA
1,-2.0337469708992204
NA,NA
NA,NA
1,0.9395198933149991
1,-0.0034406572642358443
1,-1.2342568886368244
NA,NA
1,0.3422160806762775
1,-1.3782292911915082
NA,-0.7569138165056807
1,0.3474747341475009
NA,NA
1,0.08599166401462252
1,NA
NA,NA
1,NA
NA,NA
1,-0.6257157839056952
1,-0.9240088332173223
NA,NA
1,-0.7828951213337404
1,-1.9469533656755147
NA,NA
0,1.0274368636809794
1,-1.3260268686356909
1,-0.5250564122712755
1,-0.30721814675550896
1,-0.043717381926779306
NA,0.17620874457040006
1,-0.7178914906499649
1,-1.9908823551972386
1,0.5009819992124895
0,0.45753647646458157
NA,1.2873721670444247
NA,NA
0,0.90339744352422
1,1.258231314952655
1,0.2433054378365277
1,-0.3824261821274815
0,1.7777359195320215
1,0.4255572664726041
0,0.9253386265489244
1,-1.7111058043062641
1,-0.26879518465876245
1,0.8773300259882155
1,NA
1,-0.7378875393322316
1,0.22897256009639583
0,1.4287390497615755
NA,0.09142330341243426
0,0.5951359763322506
1,-2.3084684691850463
NA,NA
NA,NA
1,0.33714218668559826
1,0.0036957546266906545
1,NA
NA,NA
1,1.0441548760789667
NA,NA
1,-1.6221415360479083
1,-0.8950683856693209
NA,NA
1,0.8555634475853332
NA,NA
1,-0.46615951182012055
NA,NA
NA,NA
1,0.6819888331277193
NA,NA
1,-0.0838867034905806
NA,-0.7724410438066691
NA,NA
1,NA
1,0.7080952925659973
NA,-1.5211962225781122
1,-0.4967780273059509
0,-1.6156036952496282
NA,NA
0,0.2428291001636229
NA,NA
1,-1.3779727007928446
1,0.05519971915223295
NA,NA
1,-1.3261348527800212
1,0.6222231787362119
1,0.44466184260229513
NA,NA
1,-0.82802903529683
NA,NA
1,0.6906458338617165
NA,NA
1,-0.339329791323188
NA,NA
NA,NA
1,0.9135756476019017
1,1.4891384942018486
1,-0.39786985745855025
NA,NA
1,-1.2456425995726708
1,-0.7651199141124814
1,-1.306680505523732
NA,1.091038117014144
NA,NA
1,NA
1,2.344805154655713
1,0.2610886786437738
NA,0.7857487980684041
NA,NA
1,0.25715225930700686
1,1.1954599163043673
NA,NA
1,-0.41913345201707447
1,0.4032595762978128
1,0.3763558186862095
NA,NA
1,-0.4772152594329781
NA,NA
NA,NA
1,-1.5044155518379883
NA,NA
1,-0.7445018799732024
1,-1.5430974422873427
1,NA
1,-0.45579450742986644
1,-0.12862094147019856
1,-2.2699927227195933
1,-2.33200668834899
1,-1.8597125727849426
NA,-0.8127342283800765
1,-0.11975984627108231
1,NA
1,0.4411671947351754
1,0.5314918438209375
1,0.29711206805544815
NA,NA
1,-0.5825026131494774
1,-0.9078524218694789
NA,-0.1505896112875687
NA,NA
1,-1.0046024421555817
1,-0.7978915034134269
0,2.281206252640701
1,-1.5977324029066196
NA,NA
1,0.03683204284616366
1,0.0500429613628541
1,0.857381353521503
0,1.8848018199065564
1,-0.005117854010280631
1,0.7104576461973642
NA,NA
1,1.0596207747318007
1,0.5636032647490306
1,-1.2940981674259784
1,-1.441498604278307
0,1.815657090178973
1,-3.038257252324632
1,-0.9284886785514809
1,NA
1,0.025541420837463424
1,0.9443085108781374
1,NA
1,NA
1,0.8034197625116885
1,0.2498917780587357
NA,0.4194454126701038
1,0.03155013130598018
NA,NA
0,1.0798681586818366
NA,NA
NA,NA
0,1.0531060909776253
1,-1.0868761384281669
NA,NA
NA,NA
NA,NA
NA,NA
1,-0.07284915704537838
1,1.3098333703326457
NA,NA
1,0.9647956567667266
NA,NA
NA,NA
1,-2.2309589269161423
1,-0.2899800797054089
NA,NA
1,0.06854846569650509
1,-0.06380134713667103
1,0.008891145942121441
NA,NA
1,0.007450767359918953
NA,NA
1,0.5017878575817327
1,NA
0,1.266422915003714
1,-0.23720740097563983
1,1.3924863143508628
NA,0.684866449072045
NA,NA
NA,NA
1,-0.05369436218103135
1,0.8426009860139803
1,0.28500899986745154
NA,NA
1,-0.29294803487828047
1,1.0637219743800674
0,1.7333459481050262
NA,NA
NA,NA
NA,NA
NA,NA
1,0.8363892324176808
1,0.5293300090502584
1,-0.6350255786217895
1,-1.9210514699585985
1,-0.3507313118520476
1,1.32077617113733
NA,NA
NA,-0.9052100897853269
NA,NA
1,0.018054042607966538
1,-1.2135266814308578
NA,NA
1,1.4807615894052906
1,NA
1,0.9878564865844127
1,-0.8845389003858174
1,-1.2479663122141087
1,-1.2343164141285399
1,-1.174257719775214
1,-1.6182064654807389
NA,NA
NA,NA
NA,NA
1,0.6626048117090613
NA,NA
1,-2.2750815841410383
1,-0.2184518815744531
1,-0.2679699729991645
NA,NA
NA,-0.3274509233567723
NA,-0.3806475132451986
1,-1.796307412741065
1,2.221015848247595
NA,-0.6944030954804046
0,0.3561527640787032
1,1.0877602563285413
0,0.14752303495047558
1,-1.8095857243855884
NA,-0.2621922264880112
NA,NA
1,-0.6226798471168824
1,0.5414002732413845
NA,NA
1,-0.5540665237471738
1,-0.6412110380360287
1,0.4021077296108633
NA,NA
NA,NA
1,1.744930175775599
NA,NA
1,-0.4515379934958
NA,NA
1,0.1846538204194147
NA,NA
1,0.028590652007239526
0,1.2387914361391987
NA,NA
1,NA
NA,NA
1,-1.2244736526617548
1,-2.8714909513000575
1,-0.45127443078182145
1,0.7931872904532007
NA,NA
1,0.45166737073219915
1,-1.079554956187604
NA,NA
1,-0.712933541852604
NA,-0.6329043361565048
NA,NA
1,-0.12108708591244209
1,0.1681991780724017
NA,NA
1,-1.2571914610653192
NA,1.7996715796585558
NA,1.2947562793439236
NA,NA
1,-0.4373307945205903
1,1.294229279631008
1,-1.1922995045379232
1,0.9948670706040798
1,1.486686664166342
1,NA
1,-0.21967005092261727
1,1.2096953942638355
1,0.8737083333595039
1,0.9851728523950499
NA,NA
NA,NA
NA,1.9450430208493998
1,1.2400486384787814
0,0.175502207954219
NA,1.1134028537353107
NA,0.41117631887430967
1,0.8949125411488833
1,0.9351607450124528
1,0.03939787141422178
1,0.8950595006420111
0,1.2657059317255712
1,1.2835787448141924
1,-2.0206244828231115
1,NA
1,0.670998073591549
1,NA
1,0.6438528189495804
NA,NA
1,NA
1,NA
1,0.3376627940736566
NA,NA
NA,0.12218014981346793
1,0.9798361990268776
1,-0.9575613473755957
NA,2.3800206712089764
NA,NA
1,0.6941924322119779
1,-0.3620968868082367
1,-0.39579288142285163
NA,NA
1,-0.9476516613298385
1,0.9366792362267822
NA,NA
1,-2.063828539246734
1,-0.6578549439536835
NA,NA
1,0.16482631689299443
NA,NA
NA,NA
1,NA
1,0.6388993365542384
NA,-1.4374301300066343
1,1.5364487681554873
1,1.382519862610469
NA,NA
1,-1.1251628892562378
1,-1.0119033531612134
0,0.01760770780240918
0,-0.6539475236616271
NA,NA
1,0.06676102617993794
1,-0.6529839882709105
1,NA
NA,-0.38672507185925054
1,0.8060607557368348
1,-2.419939710874913
1,0.9472036659184739
1,-1.525505855296636
1,0.23459558760643534
NA,NA
1,1.0884409636407923
1,NA
0,1.3110201003767954
1,-0.39261785143310624
NA,-0.6073918136677215
NA,NA
NA,NA
1,-0.5215286027955238
1,1.5756795775907932
1,-1.8700829199739493
1,-1.2189012590216237
NA,NA
1,-0.15827145918249558
1,-0.731441939511384
1,0.2338019818443263
NA,NA
1,-0.10091142178797043
NA,1.4052847528076025
1,-2.0678549978958154
1,0.5360914671475077
1,0.6195782618631743
1,0.6528408488695948
NA,1.1851476449451954
NA,NA
0,NA
NA,NA
1,-0.0014252329955009996
1,-0.14408235284362797
NA,NA
1,1.9506467190091863
NA,-2.5063707528762516
1,-0.507004267511162
1,-1.4267250387219668
1,-1.231143514838621
1,0.7577665061753037
1,-0.032289387303949785
1,-1.7881374015812979
1,0.4270207415390738
NA,NA
1,0.6032158886956964
1,-0.007874902735110158
1,-1.3204261647590525
NA,NA
1,0.33195139321558953
NA,NA
1,-0.3630177080869535
0,1.2069490564581071
NA,NA
1,-1.0833437904731529
1,-0.24426482874516267
1,0.4164879213113773
NA,NA
NA,NA
1,-0.3422183437767547
1,-0.8474815085968842
1,-1.2620084745805726
1,-0.7769943411992771
1,NA
NA,NA
NA,NA
NA,NA
1,0.6524276231340734
NA,NA
NA,NA
NA,0.7811623298614802
NA,NA
NA,NA
1,-0.07977415762128356
NA,NA
1,0.4163979784047686
1,NA
NA,NA
1,-1.1989850125601749
1,-1.126271034507006
1,0.6613437025993588
1,-1.3840463221716393
1,-2.2179232462457565
1,-1.7845016493313095
1,-1.9600183247362255
1,-1.5784227953737502
1,1.3795885601058653
1,0.8731165594532057
1,-1.8390233000829288
1,-0.30826554680461743
1,-1.0420907461139015
NA,NA
1,-0.6081333439818648
1,-0.0895705584415695
0,0.837844369113972
1,0.5348038172543298
1,2.439117482309278
1,-0.31836064775266165
1,-0.3958671157179094
1,0.39837932991411507
1,-0.9637187475437768
NA,NA
1,-1.3992149774017373
1,-0.4633707446864761
NA,NA
0,-0.6654275104318292
NA,-0.016350307238769356
NA,NA
1,-0.11994656091663158
1,0.9711702086897277
NA,NA
0,1.8932882561058764
1,-1.1445464511500418
NA,NA
1,0.03284933054412803
1,1.0350293738900136
NA,NA
1,0.7039720753565911
NA,-0.4584832424224028
1,-0.2618054861258915
1,-0.14149709576457004
NA,NA
NA,NA
1,-0.8575199237657379
1,-1.2712152731467263
1,0.8268165645178519
1,0.8843027136761304
1,-1.567112526714817
1,-1.7361044616097538
1,0.02045161993907764
NA,NA
1,-0.37189795540180287
0,0.21021730522000523
1,0.7980941851761132
NA,-0.1255007007149884
NA,NA
NA,NA
1,-1.2699459565769773
1,-0.23926072116563873
1,1.2311628228649394
1,-1.329928190872681
1,0.8446000926227628
1,0.290677838539159
0,1.3346394923812257
NA,0.6780750558041682
0,0.93157452191868
1,0.27966324694917133
1,-0.5773156722590805
NA,NA
1,0.08081162047399063
NA,NA
NA,NA
1,0.5696988148688097
NA,NA
1,-0.38776588669594414
NA,NA
1,-1.1073671053706515
1,-0.40323612878336507
NA,NA
1,NA
NA,NA
NA,NA
1,-1.9501385077810163
1,-0.11715577974685117
1,1.0478139140782017
NA,0.5477847753537027
1,0.5646799261474894
NA,NA
1,0.729152474273646
NA,NA
NA,NA
1,-1.8234239100232488
1,0.5664088261920665
1,-1.3148884934910579
NA,NA
1,1.170105855217027
NA,NA
NA,-1.6864126694501729
1,-1.464232897743398
1,-1.6985258762303244
NA,NA
0,-0.29125679707940133
NA,NA
1,-1.5453607561085905
1,-2.2204138348425553
NA,NA
1,0.6881285589863726
NA,0.25888464943171935
0,0.7505236093230839
NA,NA
1,-2.141194140019789
1,-0.7469620115476269
1,-0.19266053905501396
1,-0.01008992895189671
1,-2.035277627538298
1,-0.38288057820825183
NA,NA
NA,-3.236106739496265
NA,NA
NA,NA
1,-0.38992553970796234
NA,NA
1,-0.4872079172600045
1,0.6218325831730037
NA,NA
1,-0.7497375858026786
1,0.11104770439669695
NA,NA
NA,NA
1,0.7515750691477404
1,1.4673194074138571
1,-0.2515175171442815
1,-1.0997197496871796
NA,NA
NA,NA
0,0.2793905560392306
1,-0.7446848171170911
NA,NA
NA,NA
1,0.5701756451038736
0,1.0959331320169665
1,-0.8369746686915727
1,0.1805874648785289
1,0.4789222907989321
1,0.2630415337559942
1,-1.018205656877186
NA,NA
1,-1.8439621207074546
NA,NA
1,-0.8733656398331959
1,-0.662389442524785
1,-1.1695138195736368
1,-0.04566565896573862
1,0.46282896089565406
NA,-1.153022070131346
1,-0.18622677658981798
1,0.1562456050783582
1,NA
NA,NA
1,-0.4388362608296211
NA,NA
1,NA
NA,NA
1,0.410184908962896
0,1.1501800164665783
NA,NA
1,0.010784013024438086
1,-0.7696137480261659
1,NA
NA,NA
NA,NA
1,0.39848781573752307
1,0.6430911241302038
1,-0.41349706069747
1,-0.6128813363317528
1,-1.5221725482791635
1,-0.49483886486350254
NA,NA
1,-0.8246246679250708
NA,-0.4954425238695615
1,1.5151612739268818
NA,NA
NA,NA
NA,NA
NA,NA
1,0.09457138028178415
NA,NA
1,1.1179297375906052
NA,0.200554076747703
1,0.051889349955844676
1,NA
0,1.2800248298439714
NA,NA
1,-0.6758788865564831
1,0.11520820225333488
0,-0.012003758571351063
NA,NA
NA,NA
1,-1.851372928861757
NA,NA
1,0.46704557337063457
1,0.32930094410457683
NA,-0.0375295965075989
1,2.6999726762896366
1,0.5004912016358352
1,0.4972460258139792
NA,NA
NA,NA
1,-0.04338626776519986
1,0.8001873144376551
NA,-1.288376212172155
NA,NA
NA,NA
0,0.5374364155581572
NA,NA
1,NA
1,-0.015317283128828471
1,NA
1,-0.4683889539069614
0,1.688836113634507
1,-0.7385368011872743
1,1.1699180014159745
1,0.7470553445920659
1,-1.1806237057204438
1,-1.5348958398383632
0,0.5609577022004842
0,1.2400879564850826
NA,NA
NA,NA
NA,2.3519490898823983
0,1.505095631604021
NA,1.6916687245096231
1,NA
1,-1.754403987790439
1,-0.9990271389747059
1,0.8049309806317697
1,0.17853254698822218
1,-0.1427563496077635
NA,NA
1,-1.341511893847942
1,-1.6334029680411752
NA,NA
0,0.8855284949763141
1,NA
1,0.4486970871221746
1,-0.39564240222249375
1,-0.36467061311976195
NA,NA
NA,NA
NA,NA
NA,NA
1,-0.1353522951101377
1,-0.8884383271467364
0,NA
1,1.8128534071335902
0,1.4199294017184214
0,0.40853182286397194
1,-0.42655163270252994
NA,NA
NA,NA
1,-1.2886588235030978
1,-0.11040726141988941
NA,NA
NA,NA
NA,NA
NA,NA
1,-2.1461471309453044
1,-0.16019754451195609
1,-1.2427352477463256
NA,-0.28999914867629883
1,0.48074763773321394
1,-0.08569468979858307
1,NA
NA,NA
1,-0.8250756921460831
1,0.6533376732388567
1,0.8080562463734883
1,0.426154448824303
1,0.05639702211749904
1,1.5728297543703873
1,0.8397202825074367
NA,NA
NA,-0.44116216883745885
NA,0.2532021669936573
NA,NA
1,-1.4417829469554284
1,NA
1,NA
1,-0.3874127380290621
NA,0.0034194035769438418
1,-0.35129034688002214
1,-0.4808748395468586
1,0.3371173283078957
1,-0.8207006296414386
NA,NA
NA,1.5716913169668947
1,NA
1,-0.489028913931274
1,0.8237799761138722
1,-0.39889467105912807
1,0.7989835779780898
NA,NA
1,-0.6747612985800192
1,-0.6447757274291579
1,0.32548283545372136
1,-2.039556625783148
1,1.3018846652420433
1,0.2907830269323102
0,-2.8218640387707103
1,-0.5175319439725179
1,0.9688141087166668
NA,NA
NA,NA
1,-0.5815748759332173
1,-1.4792887090579696
0,NA
NA,NA
1,NA
NA,NA
NA,1.749086790676727
1,1.6807409901305432
1,0.25042277953133496
1,0.3770003425886368
1,-0.8720951879274621
1,-0.49738186074844576
1,-0.6076048559045006
1,0.00306527287902696
0,0.8091530933913207
NA,0.746870076391476
NA,NA
NA,1.3409401563217298
1,NA
1,0.15705376680503425
NA,NA
1,NA
NA,NA
1,-0.5149281417768455
NA,NA
NA,-0.5571647374313498
NA,NA
1,0.3876039072860883
1,0.25502847131822876
0,NA
NA,NA
1,2.803072975199414
1,NA
1,0.7005068634323691
1,-2.2769583288075523
NA,NA
NA,0.30992407184957876
1,-2.243631989181879
1,0.22126571367709588
NA,NA
1,-0.6535714402391917
1,0.8218106156330048
1,1.4095421931760073
NA,NA
1,0.79595442875475
NA,-1.1411360291689294
0,0.9454424455387554
1,-0.01239390219302101
1,0.07395244900682506
0,-0.28582678706539244
1,1.0707274334071746
1,1.001511045014522
1,0.9699648396356799
NA,NA
1,-0.5757955904661775
1,-0.2543357736933645
1,0.4823698191165266
NA,NA
NA,NA
1,0.10966073245350132
1,-1.402826327540537
1,0.0662428402074337
1,NA
NA,NA
1,-0.3892679795201022
1,-0.05360482744460442
NA,0.08509303712669848
NA,NA
NA,NA
1,-0.08686348979958533
1,NA
1,0.08394636157676706
1,0.6775046176394368
1,0.014772727067365543
1,1.0025176839177745
0,1.0215405879548032
1,-0.7660810989180077
1,0.857721911955118
1,0.22723114059831612
1,0.20836128161306935
1,6.414127896417535e-4
1,-1.7821152999638483
1,0.27058835953183424
1,-0.0010538913090488646
NA,NA
1,-1.0071336758429061
1,0.6298886525047473
1,0.06703526171880247
1,0.42639692441195853
1,-0.14378508062688747
NA,NA
1,-0.24513771906177353
NA,1.6366927621008256
NA,1.1256068712354044
NA,NA
1,0.020179516848315864
1,0.1863182693506876
1,-1.054408853663099
NA,NA
NA,NA
1,0.9291147948859887
1,-2.020501465460965
1,-0.5833600627398812
1,-0.20733579469440186
NA,NA
NA,0.8646578494080619
NA,1.8315092947744198
1,0.8835203308676204
NA,-0.4852899614090704
NA,NA
NA,NA
1,1.385869833726421
NA,0.07006625043945269
1,-0.5664728437700884
1,-1.5949558801376966
1,0.9425267908916326
NA,NA
NA,NA
1,-1.7889437849719223
0,0.7145566148513851
1,0.6859634567985557
1,1.240391398038987
1,-2.7000974838864114
NA,NA
NA,NA
1,0.25017053205742806
1,-0.10536616448602718
1,1.466269945155299
1,-0.7236362348718638
1,0.14598705193135675
1,-1.7580820999144422
1,-1.0143755951076705
1,-0.6225041120372632
1,NA
1,NA
1,0.6296841761560046
1,0.7444241021380072
1,-1.2387902158624728
1,-0.96204464342755025
NA,0.24750712510764702
1,-1.452490257445289
1,1.733222565874538
NA,NA
NA,NA
NA,NA
1,-2.2183893720969836
NA,NA
0,NA
NA,0.37062739107640114
NA,NA
NA,0.9020831709381664
NA,NA
NA,NA
NA,NA
0,1.228886756713088
1,-0.889501118223051
NA,0.4646493573382296
NA,0.11257225995937585
NA,NA
1,-2.169411361040994
1,1.5707386825086194
NA,NA
NA,NA
NA,NA
NA,NA
NA,NA
1,NA
1,-1.0295998536051643
1,NA
NA,NA
NA,0.9486310792113604
NA,NA
1,-0.8773129468876264
NA,NA
1,-1.192033575948506
1,-0.09774915019945919
1,0.07789390965887319
NA,NA
1,-0.6941283511643072
1,NA
1,-1.3604512402162767
1,-0.24789912923881896
NA,NA
1,NA
1,-0.8624560071098336
1,-1.8121522555963558
NA,0.3755571119577372
NA,NA
1,NA
1,0.4610515975768882
1,0.6181767917032074
1,-0.14606970860693938
NA,0.21213478714157807
NA,0.7400656706250839
1,-1.444392598501351
1,-1.2749737805315815
NA,NA
NA,NA
NA,NA
1,0.23336661405564676
NA,NA
1,0.5453598318610728
NA,NA
1,0.304529266800589
1,-2.1370862759763125
0,0.6092785626639371
NA,NA
1,0.40005312297062723
NA,2.4197416762817388
1,-2.1400090714485702
NA,1.1132306026073848
NA,NA
1,NA
NA,NA
1,0.9894238375287876
NA,NA
1,-0.9923896612611863
0,1.3261841006850688
NA,NA
1,0.42790796171956935
NA,NA
1,-0.43857002391715244
0,0.8475852668864737
1,0.6855023614790801
NA,0.17855942360024019
1,-0.4197472712128249
1,1.588818846938908
1,-0.4549125245665744
0,-0.13099762307138935
NA,NA
NA,NA
NA,NA
0,1.6146566147794352
1,-1.2381810679780494
NA,-0.044213482164875945
1,1.1213102645431838
1,1.1121085472549384
1,-1.265689893465837
NA,NA
NA,NA
NA,0.5097350328885354
1,0.41376567037417733
1,NA
NA,NA
1,0.37700208956534115
1,-0.5030689545030628
1,0.24932155436433098
1,-1.0719865963411646
NA,1.6441575058350468
1,0.11530099578031855
1,1.001572418624798
1,NA
1,0.12635647606004377
1,0.015116974414048644
NA,NA
1,0.31786654816948984
NA,NA
1,1.4800061135053997
1,0.781893123892089
1,NA
1,-1.0288056554910974
NA,NA
1,NA
1,0.10020588858920845
NA,NA
NA,NA
NA,NA
NA,NA
1,0.5518036765607984
1,1.1339332072315993
NA,NA
1,1.2501450298269516
1,1.1064022619518254
1,-1.0099517191220764
1,-0.23702560460436653
1,NA
1,0.44346278338165906
1,1.462012440752501
NA,-0.7685633225586552
1,-0.33520404220535466
1,-1.6167016315896026
1,-0.31960703943919627
1,NA
1,0.2213963756295717
1,-0.2770227659990579
1,-0.8159126431628734
1,0.7280861855579138
1,-0.248657748560455
1,0.34462613228667444
1,1.0475368445588467
1,-0.4357821194562746
1,NA
1,-0.6991256735700693
1,-0.7890531397295251
NA,0.4620367188721133
1,-0.15688440240423104
NA,NA
NA,NA
1,NA
1,-0.1710058738632096
1,0.5000387114724167
1,-0.5709198236254216
1,0.35463770998512767
NA,0.8256188712403
0,1.5433564927312273
1,-0.06449470046548583
1,1.0114025147089072
1,1.4608797739884085
NA,NA
NA,NA
NA,NA
1,1.405237694462917
NA,0.9746231959647528
NA,NA
0,1.9465179896377294
NA,NA
1,NA
1,-1.2636872258080702
1,-1.161811864421885
1,1.248511932517021
1,-0.655961061618744
1,-0.8109252022014132
1,NA
NA,NA
1,-1.5198762708306957
1,NA
NA,NA
1,-0.13320270031839984
NA,NA
NA,-0.8510522406172741
1,1.0271187735832938
NA,0.9170219447795718
NA,NA
1,-2.118965678016037
1,-0.6666621030220173
1,0.38578582716810517
1,1.0274001084792637
1,-0.32850244607538315
NA,NA
NA,NA
1,-1.1132835073002723
1,-1.1672288284095542
1,-0.1519342779168359
NA,2.407977401810927
NA,1.1610735687418712
1,-0.9356040934527675
NA,0.8016115496500189
0,0.987376176739893
1,-1.4702474110820511
NA,NA
NA,NA
NA,-0.9460505806573772
NA,NA
1,-1.3222637912928792
NA,0.34887966970898204
1,-0.30530399726915514
1,0.5565546687554239
1,1.22403671313714
1,NA
1,-1.5159787904595834
1,-0.19734093178682616
1,-0.9410899841611386
NA,NA
1,-1.3609498136576665
1,-1.3034517854393952
NA,NA
1,0.5725138910394991
1,-0.6694252441611168
NA,0.4428247491696373
1,-1.1223800403530746
1,-0.4150062198731223
NA,NA
NA,NA
NA,NA
NA,1.1115131345455518
1,0.4428755866719157
1,-1.5208455910545136
1,0.30098583817604224
NA,NA
1,-0.41595622844763885
NA,NA
NA,NA
1,-0.3826946945418697
1,-0.42617429336682167
0,0.2617389394651128
1,-1.209795035029986
NA,NA
NA,NA
1,1.4218586045842256
1,-0.022080749286186155
1,-0.3178607126580519
1,-0.5973689009792258
NA,NA
1,-1.638035721263795
NA,0.8432422667265194
NA,NA
NA,NA
1,0.37548901660464695
1,-0.7844425360814099
1,NA
NA,0.305320741766749
1,-1.19908182090586
0,0.1696299529831822
1,NA
NA,-1.0146383823027478
1,0.9197661230114563
1,0.9634579638506803
NA,NA
NA,NA
1,1.0057744441680234
NA,NA
0,0.25795821084066844
1,0.8386757436632103
1,0.8265773625104916
NA,-0.6039530329781965
1,1.2647438568036204
NA,NA
NA,NA
NA,NA
1,-1.7076649015300982
1,0.7079642960436672
1,-0.5491385540651019
1,-1.055445474803154
1,1.2723879069324684
NA,NA
1,-0.32750476271843615
1,1.327474303246098
NA,NA
1,0.7819069910452471
NA,NA
1,-0.20417304038576006
1,-0.9588074735161838
NA,NA
1,0.0071205785662835155
1,1.3014859002758583
NA,0.18888671157003087
1,0.3340403913728774
NA,NA
1,-0.23448212372809044
1,1.8535834077594442
1,0.2572851733704749
1,-0.7995779365593582
NA,NA
1,-0.4290198599242735
1,-0.40054933763949085
NA,0.17885227923077798
1,1.6226967897534819
1,-0.7158746728530542
1,-0.9977644483940638
1,NA
1,0.9083670961369622
1,-0.9538729573701334
1,0.3757978294905308
1,0.2061782327088562
NA,NA
NA,NA
NA,0.9376452985980586
1,0.8932096059280199
1,0.21190181782734582
1,0.9008305102311566
1,0.9893654067237133
NA,0.6590027114870418
1,0.5883557588371204
1,-0.5230237154498164
NA,NA
1,0.007378276477608634
1,-0.025754457696051898
1,-0.6985548356817809
1,0.39800535194924536
1,0.8944276351837651
1,-0.7722221980863908
1,-0.01828871181637122
1,0.0486144658129047
1,0.5928581988438262
1,-0.3749004680175083
NA,NA
1,-0.0120865696792579
1,1.674444071412066
1,-0.028294205362924763
NA,0.8068370442940215
1,0.4673175876104731
NA,NA
NA,NA
0,0.39225571020910066
1,0.680058800311003
1,-0.12132676455593622
NA,NA
1,-2.45379580900093
1,-0.17850497688390435
NA,-0.5306511868954468
1,1.16832400509494
0,1.5883065641667033
NA,NA
NA,NA
1,-1.1720971374071305
NA,NA
NA,NA
1,-0.016976028887371278
1,0.2541238201419761
1,-0.12060855972610322
NA,NA
1,0.6103123985094
1,-1.4052758123103821
NA,0.8237564072593795
1,0.5340026545724711
0,1.3084226977404945
1,-0.5725118872962889
1,-0.6157013737442479
1,0.8718752071188293
NA,-2.1891260273078066
NA,NA
NA,-0.6376046338777125
1,1.875570829597646
NA,0.6239618022730806
1,-0.9032455705710416
1,0.6546025724018548
NA,NA
1,0.12744422186537224
NA,NA
NA,NA
NA,-0.07679854394337783
1,-0.1292907029552803
NA,NA
